ablation_id,candidate_budget,near_distance_threshold,risk_score,scene,method,trial,checkpoint,gaussian_count,success,collision,collision_free,stop_reason,min_safety_h,min_safety_h_note,goal_distance_reduction_ratio,initial_goal_distance,final_goal_distance,closest_goal_distance,closest_goal_step,num_steps,runtime_mean,runtime_p95,intervention_rate,control_deviation_mean,control_deviation_max,active_constraints_mean,active_constraints_p95,qp_infeasible_count,seconds_total,error,success_definition
A_budget1000_near008_hybrid,1000,0.08,risk_v2_hybrid,stonehenge,risk_aware_v1_pre_cbf,0,outputs/stonehenge/splatfacto/2024-09-11_100724/config.yml,116446,False,False,True,stopped_before_goal,0.000851125456392765,official GSplatLoader.query_distance safety h value; not meters,0.8144305457897328,0.784,0.1454864521008494,0.1454864521008494,324,324,0.03613859347217245,0.04139951132237911,0.8796296296296297,0.024852401213739904,0.07451865822076797,189.17592592592592,375.0,0,17.367145113646984,,strict stopped-motion goal condition from run.py; stopped_before_goal remains success=False
A_budget1000_near008_hybrid,1000,0.08,risk_v2_hybrid,stonehenge,risk_aware_v1_pre_cbf,1,outputs/stonehenge/splatfacto/2024-09-11_100724/config.yml,116446,False,False,True,stopped_before_goal,0.000806927215307951,official GSplatLoader.query_distance safety h value; not meters,0.19687967873147602,0.7840896733951637,0.6297183504004559,0.6297183504004559,114,114,0.03614968195426883,0.038379804138094185,0.9824561403508771,0.0670824445236347,0.10606210678815842,280.7631578947368,461.7,0,6.123652016744018,,strict stopped-motion goal condition from run.py; stopped_before_goal remains success=False
A_budget1000_near008_hybrid,1000,0.08,risk_v2_hybrid,stonehenge,risk_aware_v1_pre_cbf,2,outputs/stonehenge/splatfacto/2024-09-11_100724/config.yml,116446,False,False,True,stopped_before_goal,0.0013136934721842408,official GSplatLoader.query_distance safety h value; not meters,0.1934797298487848,0.7842325773112758,0.6324994701144739,0.6324994701144739,104,104,0.03602385100048895,0.03781729340553284,0.9903846153846154,0.06545803446012173,0.08727268129587173,294.40384615384613,541.7999999999997,0,5.537523416802287,,strict stopped-motion goal condition from run.py; stopped_before_goal remains success=False
A_budget1000_near008_hybrid,1000,0.08,risk_v2_hybrid,stonehenge,risk_aware_v1_pre_cbf,3,outputs/stonehenge/splatfacto/2024-09-11_100724/config.yml,116446,False,False,True,stopped_before_goal,0.0008008606964722276,official GSplatLoader.query_distance safety h value; not meters,0.2279667835630111,0.7842277798056816,0.605449895262619,0.605449895262619,123,123,0.036406330824867494,0.04005608782172203,0.991869918699187,0.06581282098823482,0.0878601223230362,348.6666666666667,656.6999999999996,0,6.589903527870774,,strict stopped-motion goal condition from run.py; stopped_before_goal remains success=False
A_budget1000_near008_hybrid,1000,0.08,risk_v2_hybrid,stonehenge,risk_aware_v1_pre_cbf,4,outputs/stonehenge/splatfacto/2024-09-11_100724/config.yml,116446,False,False,True,stopped_before_goal,0.000838529085740447,official GSplatLoader.query_distance safety h value; not meters,0.8196851940049096,0.784082025527739,0.14138159831727182,0.14138159831727182,357,357,0.03661060751173176,0.039751100912690164,0.9355742296918768,0.03918087675825069,0.07863818854093552,238.7703081232493,531.2,0,19.222582878544927,,strict stopped-motion goal condition from run.py; stopped_before_goal remains success=False
A_budget1000_near008_hybrid,1000,0.08,risk_v2_hybrid,stonehenge,risk_aware_v1_pre_cbf,5,outputs/stonehenge/splatfacto/2024-09-11_100724/config.yml,116446,False,False,True,stopped_before_goal,0.0007147282594814897,official GSplatLoader.query_distance safety h value; not meters,0.29146806246843615,0.7840002568014284,0.5554892209767597,0.5554892209767597,170,170,0.03679356037036461,0.03890991061925888,0.9588235294117647,0.0646293538694031,0.09789299964904785,383.56470588235294,575.0,0,9.190491875633597,,strict stopped-motion goal condition from run.py; stopped_before_goal remains success=False
A_budget1000_near008_hybrid,1000,0.08,risk_v2_hybrid,stonehenge,risk_aware_v1_pre_cbf,6,outputs/stonehenge/splatfacto/2024-09-11_100724/config.yml,116446,False,False,True,stopped_before_goal,0.0005385836120694876,official GSplatLoader.query_distance safety h value; not meters,0.5703960814642288,0.7840974736682284,0.3368513472018696,0.3368513472018696,243,243,0.03602624704501756,0.03777477703988552,0.9218106995884774,0.05751680716628589,0.11216104030609131,237.1851851851852,353.59999999999945,0,12.907252758741379,,strict stopped-motion goal condition from run.py; stopped_before_goal remains success=False
A_budget1000_near008_hybrid,1000,0.08,risk_v2_hybrid,stonehenge,risk_aware_v1_pre_cbf,7,outputs/stonehenge/splatfacto/2024-09-11_100724/config.yml,116446,False,False,True,stopped_before_goal,0.0008742097998037934,official GSplatLoader.query_distance safety h value; not meters,0.5912355585605689,0.7842369518727405,0.32056817958842276,0.32056817958842276,225,225,0.035904670084516206,0.03859142176806927,0.8933333333333333,0.0475596716824467,0.08738943934440613,232.42666666666668,388.0,0,11.880174905061722,,strict stopped-motion goal condition from run.py; stopped_before_goal remains success=False
A_budget1000_near008_hybrid,1000,0.08,risk_v2_hybrid,stonehenge,risk_aware_v1_pre_cbf,8,outputs/stonehenge/splatfacto/2024-09-11_100724/config.yml,116446,False,False,True,stopped_before_goal,0.000632053124718368,official GSplatLoader.query_distance safety h value; not meters,0.8225473013536988,0.7842225786662452,0.13916241292368647,0.13916241292368647,331,331,0.03617023362629003,0.03847527410835028,0.9274924471299094,0.047661069601421545,0.08338265866041183,219.02719033232628,372.0,0,17.596466599032283,,strict stopped-motion goal condition from run.py; stopped_before_goal remains success=False
A_budget1000_near008_hybrid,1000,0.08,risk_v2_hybrid,stonehenge,risk_aware_v1_pre_cbf,9,outputs/stonehenge/splatfacto/2024-09-11_100724/config.yml,116446,False,False,True,stopped_before_goal,0.0011710283579304814,official GSplatLoader.query_distance safety h value; not meters,0.7953944153348665,0.7840745608661205,0.16042603394707036,0.16042603394707036,303,303,0.03650856914349122,0.039466042444109915,0.9075907590759076,0.0467591603508364,0.09014105051755905,239.08250825082507,405.69999999999993,0,16.28084109351039,,strict stopped-motion goal condition from run.py; stopped_before_goal remains success=False
A_budget1000_near008_hybrid,1000,0.08,risk_v2_hybrid,stonehenge,risk_aware_v1_pre_cbf,10,outputs/stonehenge/splatfacto/2024-09-11_100724/config.yml,116446,False,False,True,stopped_before_goal,0.0005090723279863596,official GSplatLoader.query_distance safety h value; not meters,0.6669699985697131,0.7840010261711613,0.26109586286712827,0.26109586286712827,264,264,0.0364047302300054,0.04058467783033848,0.9772727272727273,0.06885047238016141,0.1173030287027359,254.62878787878788,412.5999999999999,0,14.159439435228705,,strict stopped-motion goal condition from run.py; stopped_before_goal remains success=False
A_budget1000_near008_hybrid,1000,0.08,risk_v2_hybrid,stonehenge,risk_aware_v1_pre_cbf,11,outputs/stonehenge/splatfacto/2024-09-11_100724/config.yml,116446,False,False,True,stopped_before_goal,0.00046901541645638645,official GSplatLoader.query_distance safety h value; not meters,0.828514697474059,0.7841053949339123,0.13446255086246436,0.13446255086246436,346,346,0.037093057227186386,0.040727461222559214,0.9942196531791907,0.07427163699689575,0.11627336591482162,278.5433526011561,434.0,0,18.78640716150403,,strict stopped-motion goal condition from run.py; stopped_before_goal remains success=False
A_budget1000_near008_hybrid,1000,0.08,risk_v2_hybrid,stonehenge,risk_aware_v1_pre_cbf,12,outputs/stonehenge/splatfacto/2024-09-11_100724/config.yml,116446,False,False,True,stopped_before_goal,0.0003336716035846621,official GSplatLoader.query_distance safety h value; not meters,0.8350877776793969,0.7842408858824762,0.12933090732555763,0.12933090732555763,364,364,0.036759188352664424,0.04038135148584843,0.9972527472527473,0.0787318163721945,0.11821972578763962,298.9697802197802,570.9499999999998,0,19.54829059354961,,strict stopped-motion goal condition from run.py; stopped_before_goal remains success=False
A_budget1000_near008_hybrid,1000,0.08,risk_v2_hybrid,stonehenge,risk_aware_v1_pre_cbf,13,outputs/stonehenge/splatfacto/2024-09-11_100724/config.yml,116446,False,False,True,stopped_before_goal,0.0007767599308863282,official GSplatLoader.query_distance safety h value; not meters,0.24637736012028089,0.7842169948283072,0.5910036818810489,0.5910036818810489,123,123,0.037228142766933134,0.04079488478600978,1.0,0.09082942810363887,0.11308535188436508,352.1463414634146,643.1999999999998,0,6.69322606921196,,strict stopped-motion goal condition from run.py; stopped_before_goal remains success=False
A_budget1000_near008_hybrid,1000,0.08,risk_v2_hybrid,stonehenge,risk_aware_v1_pre_cbf,14,outputs/stonehenge/splatfacto/2024-09-11_100724/config.yml,116446,False,False,True,stopped_before_goal,0.0010722569422796369,official GSplatLoader.query_distance safety h value; not meters,0.24924554375949404,0.7840673094735207,0.5886420265797495,0.5886420265797495,115,115,0.03712538271818472,0.03979894835501909,0.991304347826087,0.07908001577104734,0.11641152948141098,292.74782608695654,412.7,0,6.2708923276513815,,strict stopped-motion goal condition from run.py; stopped_before_goal remains success=False
A_budget1000_near008_hybrid,1000,0.08,risk_v2_hybrid,stonehenge,risk_aware_v1_pre_cbf,15,outputs/stonehenge/splatfacto/2024-09-11_100724/config.yml,116446,False,False,True,stopped_before_goal,0.0005723289214074612,official GSplatLoader.query_distance safety h value; not meters,0.250731961343567,0.7840023050097159,0.5874278693767524,0.5874278693767524,128,128,0.03744155647291336,0.03928296593949199,0.984375,0.0801866593973966,0.11611966043710709,315.75,406.9,0,7.038920890539885,,strict stopped-motion goal condition from run.py; stopped_before_goal remains success=False
A_budget1000_near008_hybrid,1000,0.08,risk_v2_hybrid,stonehenge,risk_aware_v1_pre_cbf,16,outputs/stonehenge/splatfacto/2024-09-11_100724/config.yml,116446,False,False,True,stopped_before_goal,0.0010280689457431436,official GSplatLoader.query_distance safety h value; not meters,0.04898873448013371,0.7841134052928949,0.7457006818786878,0.7457006818786878,39,39,0.036734939576723635,0.038409178331494334,0.9487179487179487,0.09343978590940684,0.12002342939376831,318.79487179487177,404.70000000000005,0,2.1095653120428324,,strict stopped-motion goal condition from run.py; stopped_before_goal remains success=False
A_budget1000_near008_hybrid,1000,0.08,risk_v2_hybrid,stonehenge,risk_aware_v1_pre_cbf,17,outputs/stonehenge/splatfacto/2024-09-11_100724/config.yml,116446,False,False,True,stopped_before_goal,0.0004924418171867728,official GSplatLoader.query_distance safety h value; not meters,0.9916658269396221,0.7842443635063541,0.006536028247087902,0.0005605555000841566,446,465,0.03859337396439045,0.04532681815326213,0.6989247311827957,0.041436413531677416,0.10919449478387833,356.48602150537636,717.5999999999999,0,26.12725213728845,,strict stopped-motion goal condition from run.py; stopped_before_goal remains success=False
A_budget1000_near008_hybrid,1000,0.08,risk_v2_hybrid,stonehenge,risk_aware_v1_pre_cbf,18,outputs/stonehenge/splatfacto/2024-09-11_100724/config.yml,116446,False,False,True,stopped_before_goal,0.0006951865507289767,official GSplatLoader.query_distance safety h value; not meters,0.9912552746205728,0.7842110507680883,0.006857710278478912,0.0003435459153034705,393,411,0.03954399223020187,0.04781439248472452,0.5815085158150851,0.027973899516621256,0.10335347056388855,368.4963503649635,667.0,0,23.609924234449863,,strict stopped-motion goal condition from run.py; stopped_before_goal remains success=False
A_budget1000_near008_hybrid,1000,0.08,risk_v2_hybrid,stonehenge,risk_aware_v1_pre_cbf,19,outputs/stonehenge/splatfacto/2024-09-11_100724/config.yml,116446,False,False,True,stopped_before_goal,0.0007775092963129282,official GSplatLoader.query_distance safety h value; not meters,0.9916565864018562,0.7840603005550516,0.006541739373415704,0.0005448190769095437,386,405,0.04020099815579108,0.049253737181425096,0.5851851851851851,0.02493418722529263,0.09945675730705261,394.4148148148148,669.0,0,23.470777861773968,,strict stopped-motion goal condition from run.py; stopped_before_goal remains success=False
B_budget2000_near008_hybrid,2000,0.08,risk_v2_hybrid,stonehenge,risk_aware_v1_pre_cbf,0,outputs/stonehenge/splatfacto/2024-09-11_100724/config.yml,116446,False,False,True,stopped_before_goal,0.0008511258056387305,official GSplatLoader.query_distance safety h value; not meters,0.8151260834788997,0.784,0.1449411505525427,0.1449411505525427,325,325,0.035492935851216316,0.04194509834051132,0.9015384615384615,0.02505720689320078,0.07496394962072372,191.84,381.0,0,17.009768690913916,,strict stopped-motion goal condition from run.py; stopped_before_goal remains success=False
B_budget2000_near008_hybrid,2000,0.08,risk_v2_hybrid,stonehenge,risk_aware_v1_pre_cbf,1,outputs/stonehenge/splatfacto/2024-09-11_100724/config.yml,116446,False,False,True,stopped_before_goal,0.0008069268660619855,official GSplatLoader.query_distance safety h value; not meters,0.19687967863455672,0.7840896733951637,0.6297183504764493,0.6297183504764493,114,114,0.03517378543160463,0.0374775025062263,0.9824561403508771,0.06708249134343965,0.10606218129396439,278.7456140350877,451.7,0,5.907710175961256,,strict stopped-motion goal condition from run.py; stopped_before_goal remains success=False
B_budget2000_near008_hybrid,2000,0.08,risk_v2_hybrid,stonehenge,risk_aware_v1_pre_cbf,2,outputs/stonehenge/splatfacto/2024-09-11_100724/config.yml,116446,False,False,True,stopped_before_goal,0.0013136927736923099,official GSplatLoader.query_distance safety h value; not meters,0.19347972984861803,0.7842325773112758,0.6324994701146047,0.6324994701146047,104,104,0.03539327646677311,0.03833328830078244,0.9903846153846154,0.06545803620390994,0.08727269619703293,295.08653846153845,540.9499999999997,0,5.4251319002360106,,strict stopped-motion goal condition from run.py; stopped_before_goal remains success=False
B_budget2000_near008_hybrid,2000,0.08,risk_v2_hybrid,stonehenge,risk_aware_v1_pre_cbf,3,outputs/stonehenge/splatfacto/2024-09-11_100724/config.yml,116446,False,False,True,stopped_before_goal,0.0008008615113794804,official GSplatLoader.query_distance safety h value; not meters,0.22796674574393724,0.7842277798056816,0.6054499249213874,0.6054499249213874,123,123,0.03571664167916387,0.03952405545860529,0.991869918699187,0.06581280356947398,0.0878601223230362,349.0569105691057,657.7999999999995,0,6.429453840479255,,strict stopped-motion goal condition from run.py; stopped_before_goal remains success=False
B_budget2000_near008_hybrid,2000,0.08,risk_v2_hybrid,stonehenge,risk_aware_v1_pre_cbf,4,outputs/stonehenge/splatfacto/2024-09-11_100724/config.yml,116446,False,False,True,stopped_before_goal,0.000838529085740447,official GSplatLoader.query_distance safety h value; not meters,0.819616646662365,0.784082025527739,0.14143534505645874,0.14143534505645874,357,357,0.03681887125372052,0.040052419900894164,0.9439775910364145,0.03918884664926572,0.07863824814558029,239.00840336134453,530.0,0,19.304076448082924,,strict stopped-motion goal condition from run.py; stopped_before_goal remains success=False
B_budget2000_near008_hybrid,2000,0.08,risk_v2_hybrid,stonehenge,risk_aware_v1_pre_cbf,5,outputs/stonehenge/splatfacto/2024-09-11_100724/config.yml,116446,False,False,True,stopped_before_goal,0.0007147289579734206,official GSplatLoader.query_distance safety h value; not meters,0.291468214955073,0.7840002568014284,0.5554891014271972,0.5554891014271972,170,170,0.036653198236051725,0.04013527138158679,0.9588235294117647,0.06462932360046285,0.0978928729891777,381.16470588235296,565.0,0,9.161776604130864,,strict stopped-motion goal condition from run.py; stopped_before_goal remains success=False
B_budget2000_near008_hybrid,2000,0.08,risk_v2_hybrid,stonehenge,risk_aware_v1_pre_cbf,6,outputs/stonehenge/splatfacto/2024-09-11_100724/config.yml,116446,False,False,True,stopped_before_goal,0.0005385838449001312,official GSplatLoader.query_distance safety h value; not meters,0.5703960814766261,0.7840974736682284,0.3368513471921489,0.3368513471921489,243,243,0.03651802306189949,0.03867917582392692,0.9218106995884774,0.05751680531268924,0.1121610477566719,240.20987654320987,357.6999999999995,0,13.06335661560297,,strict stopped-motion goal condition from run.py; stopped_before_goal remains success=False
B_budget2000_near008_hybrid,2000,0.08,risk_v2_hybrid,stonehenge,risk_aware_v1_pre_cbf,7,outputs/stonehenge/splatfacto/2024-09-11_100724/config.yml,116446,False,False,True,stopped_before_goal,0.000874209450557828,official GSplatLoader.query_distance safety h value; not meters,0.5912355676463673,0.7842369518727405,0.3205681724630039,0.3205681724630039,225,225,0.03664074713157283,0.03930400237441063,0.8933333333333333,0.047559674913786536,0.08738937973976135,237.10222222222222,388.0,0,12.108522856608033,,strict stopped-motion goal condition from run.py; stopped_before_goal remains success=False
B_budget2000_near008_hybrid,2000,0.08,risk_v2_hybrid,stonehenge,risk_aware_v1_pre_cbf,8,outputs/stonehenge/splatfacto/2024-09-11_100724/config.yml,116446,False,False,True,stopped_before_goal,0.0006320524262264371,official GSplatLoader.query_distance safety h value; not meters,0.8225472634112168,0.7842225786662452,0.13916244267903752,0.13916244267903752,331,331,0.03718815322436415,0.039925902150571346,0.9274924471299094,0.04766107421321072,0.08338262140750885,222.74320241691842,371.0,0,18.067106990143657,,strict stopped-motion goal condition from run.py; stopped_before_goal remains success=False
B_budget2000_near008_hybrid,2000,0.08,risk_v2_hybrid,stonehenge,risk_aware_v1_pre_cbf,9,outputs/stonehenge/splatfacto/2024-09-11_100724/config.yml,116446,False,False,True,stopped_before_goal,0.0011710308026522398,official GSplatLoader.query_distance safety h value; not meters,0.7953933338982863,0.7840745608661205,0.16042688187398207,0.16042688187398207,303,303,0.03699989007669117,0.04037350472062826,0.9075907590759076,0.04676627600660257,0.09014105051755905,243.25412541254124,407.0,0,16.451315646991134,,strict stopped-motion goal condition from run.py; stopped_before_goal remains success=False
B_budget2000_near008_hybrid,2000,0.08,risk_v2_hybrid,stonehenge,risk_aware_v1_pre_cbf,10,outputs/stonehenge/splatfacto/2024-09-11_100724/config.yml,116446,False,False,True,stopped_before_goal,0.0005090693011879921,official GSplatLoader.query_distance safety h value; not meters,0.666969936162392,0.7840010261711613,0.26109591179453207,0.26109591179453207,264,264,0.03663070259305338,0.04024729132652283,0.9772727272727273,0.06885046471714595,0.11730299890041351,259.5378787878788,418.5999999999999,0,14.238928621634841,,strict stopped-motion goal condition from run.py; stopped_before_goal remains success=False
B_budget2000_near008_hybrid,2000,0.08,risk_v2_hybrid,stonehenge,risk_aware_v1_pre_cbf,11,outputs/stonehenge/splatfacto/2024-09-11_100724/config.yml,116446,False,False,True,stopped_before_goal,0.00046902571921236813,official GSplatLoader.query_distance safety h value; not meters,0.8285144651718557,0.7841053949339123,0.13446273301187525,0.13446273301187525,346,346,0.0374369213594436,0.04091855604201555,0.9942196531791907,0.0742717904444025,0.1162731945514679,281.82947976878614,439.75,0,18.915916044265032,,strict stopped-motion goal condition from run.py; stopped_before_goal remains success=False
B_budget2000_near008_hybrid,2000,0.08,risk_v2_hybrid,stonehenge,risk_aware_v1_pre_cbf,12,outputs/stonehenge/splatfacto/2024-09-11_100724/config.yml,116446,False,False,True,stopped_before_goal,0.00033367317519150674,official GSplatLoader.query_distance safety h value; not meters,0.8350878095564164,0.7842408858824762,0.12933088232629558,0.12933088232629558,364,364,0.037658604429932414,0.042209696117788555,0.9972527472527473,0.07873182724103597,0.11821987479925156,301.68131868131866,570.9499999999998,0,20.01007479429245,,strict stopped-motion goal condition from run.py; stopped_before_goal remains success=False
B_budget2000_near008_hybrid,2000,0.08,risk_v2_hybrid,stonehenge,risk_aware_v1_pre_cbf,13,outputs/stonehenge/splatfacto/2024-09-11_100724/config.yml,116446,False,False,True,stopped_before_goal,0.0007767596980556846,official GSplatLoader.query_distance safety h value; not meters,0.24637738189676167,0.7842169948283072,0.5910036648035626,0.5910036648035626,123,123,0.036961202577846804,0.040655804239213465,1.0,0.09082942089535356,0.1130853220820427,352.9024390243902,643.1999999999998,0,6.652927216142416,,strict stopped-motion goal condition from run.py; stopped_before_goal remains success=False
B_budget2000_near008_hybrid,2000,0.08,risk_v2_hybrid,stonehenge,risk_aware_v1_pre_cbf,14,outputs/stonehenge/splatfacto/2024-09-11_100724/config.yml,116446,False,False,True,stopped_before_goal,0.0010722634615376592,official GSplatLoader.query_distance safety h value; not meters,0.24924553097973762,0.7840673094735207,0.5886420365999387,0.5886420365999387,115,115,0.03774624207745428,0.040885822661221025,0.991304347826087,0.0790800161597733,0.11641155183315277,292.90434782608696,412.7,0,6.362771756947041,,strict stopped-motion goal condition from run.py; stopped_before_goal remains success=False
B_budget2000_near008_hybrid,2000,0.08,risk_v2_hybrid,stonehenge,risk_aware_v1_pre_cbf,15,outputs/stonehenge/splatfacto/2024-09-11_100724/config.yml,116446,False,False,True,stopped_before_goal,0.0005723289214074612,official GSplatLoader.query_distance safety h value; not meters,0.25073193855695625,0.7840023050097159,0.5874278872415077,0.5874278872415077,128,128,0.0363522741390625,0.038165328092873096,0.984375,0.08018666302523102,0.11611973494291306,316.3046875,405.95,0,6.800596823915839,,strict stopped-motion goal condition from run.py; stopped_before_goal remains success=False
B_budget2000_near008_hybrid,2000,0.08,risk_v2_hybrid,stonehenge,risk_aware_v1_pre_cbf,16,outputs/stonehenge/splatfacto/2024-09-11_100724/config.yml,116446,False,False,True,stopped_before_goal,0.0010280694114044309,official GSplatLoader.query_distance safety h value; not meters,0.048988729643191606,0.7841134052928949,0.7457006856713989,0.7457006856713989,39,39,0.035661652349890806,0.03726903684437275,0.9487179487179487,0.09343978431923425,0.12002342194318771,319.5128205128205,405.70000000000005,0,2.0384728629142046,,strict stopped-motion goal condition from run.py; stopped_before_goal remains success=False
B_budget2000_near008_hybrid,2000,0.08,risk_v2_hybrid,stonehenge,risk_aware_v1_pre_cbf,17,outputs/stonehenge/splatfacto/2024-09-11_100724/config.yml,116446,False,False,True,stopped_before_goal,0.0004925734829157591,official GSplatLoader.query_distance safety h value; not meters,0.9916430048389855,0.7842443635063541,0.006553926350875512,0.0006158793619378364,446,465,0.038023727471309325,0.04518445692956447,0.7010752688172043,0.041445223476595454,0.10919448733329773,357.6774193548387,716.0,0,25.523296793922782,,strict stopped-motion goal condition from run.py; stopped_before_goal remains success=False
B_budget2000_near008_hybrid,2000,0.08,risk_v2_hybrid,stonehenge,risk_aware_v1_pre_cbf,18,outputs/stonehenge/splatfacto/2024-09-11_100724/config.yml,116446,False,False,True,stopped_before_goal,0.0006951885297894478,official GSplatLoader.query_distance safety h value; not meters,0.9912444817386515,0.7842110507680883,0.006866174175751254,0.0003226852610768305,393,411,0.03820107732231019,0.04602174274623394,0.5815085158150851,0.02797822886441123,0.10335343331098557,369.8661800486618,669.0,0,22.608939316123724,,strict stopped-motion goal condition from run.py; stopped_before_goal remains success=False
B_budget2000_near008_hybrid,2000,0.08,risk_v2_hybrid,stonehenge,risk_aware_v1_pre_cbf,19,outputs/stonehenge/splatfacto/2024-09-11_100724/config.yml,116446,False,False,True,stopped_before_goal,0.0007774989353492856,official GSplatLoader.query_distance safety h value; not meters,0.9916562443032274,0.7840603005550516,0.006542007599369384,0.0005455243608589394,386,405,0.04054451666220471,0.048793161660432814,0.5851851851851851,0.02493433109870656,0.09945706278085709,395.78765432098766,671.0,0,23.444946087896824,,strict stopped-motion goal condition from run.py; stopped_before_goal remains success=False
C_budget5000_near008_hybrid,5000,0.08,risk_v2_hybrid,stonehenge,risk_aware_v1_pre_cbf,0,outputs/stonehenge/splatfacto/2024-09-11_100724/config.yml,116446,False,False,True,stopped_before_goal,0.0008511256892234087,official GSplatLoader.query_distance safety h value; not meters,0.8150653909392018,0.784,0.14498873350366584,0.14498873350366584,325,325,0.036318946211383894,0.04250408485531807,0.9046153846153846,0.025066749248798842,0.07492418587207794,201.71076923076924,383.8,0,17.402798783034086,,strict stopped-motion goal condition from run.py; stopped_before_goal remains success=False
C_budget5000_near008_hybrid,5000,0.08,risk_v2_hybrid,stonehenge,risk_aware_v1_pre_cbf,1,outputs/stonehenge/splatfacto/2024-09-11_100724/config.yml,116446,False,False,True,stopped_before_goal,0.0008069268660619855,official GSplatLoader.query_distance safety h value; not meters,0.19687967863455672,0.7840896733951637,0.6297183504764493,0.6297183504764493,114,114,0.03629500698298216,0.041844237688928844,0.9824561403508771,0.06708248869652285,0.10606218129396439,281.3157894736842,451.7,0,6.095715282484889,,strict stopped-motion goal condition from run.py; stopped_before_goal remains success=False
C_budget5000_near008_hybrid,5000,0.08,risk_v2_hybrid,stonehenge,risk_aware_v1_pre_cbf,2,outputs/stonehenge/splatfacto/2024-09-11_100724/config.yml,116446,False,False,True,stopped_before_goal,0.0013136934721842408,official GSplatLoader.query_distance safety h value; not meters,0.19347976790856924,0.7842325773112758,0.6324994402667511,0.6324994402667511,104,104,0.03558293067348691,0.03829846223816275,0.9903846153846154,0.06545804437089252,0.08727267384529114,295.8557692307692,540.0999999999997,0,5.459899950772524,,strict stopped-motion goal condition from run.py; stopped_before_goal remains success=False
C_budget5000_near008_hybrid,5000,0.08,risk_v2_hybrid,stonehenge,risk_aware_v1_pre_cbf,3,outputs/stonehenge/splatfacto/2024-09-11_100724/config.yml,116446,False,False,True,stopped_before_goal,0.0008008611621335149,official GSplatLoader.query_distance safety h value; not meters,0.22796676456522744,0.7842277798056816,0.6054499101612087,0.6054499101612087,123,123,0.03689977608439399,0.041357249952852726,0.991869918699187,0.06581281387648906,0.0878601223230362,352.9268292682927,661.7999999999995,0,6.672940526157618,,strict stopped-motion goal condition from run.py; stopped_before_goal remains success=False
C_budget5000_near008_hybrid,5000,0.08,risk_v2_hybrid,stonehenge,risk_aware_v1_pre_cbf,4,outputs/stonehenge/splatfacto/2024-09-11_100724/config.yml,116446,False,False,True,stopped_before_goal,0.0008385727414861321,official GSplatLoader.query_distance safety h value; not meters,0.8194788930581641,0.784082025527739,0.14154335518146424,0.14154335518146424,357,357,0.03700296367395993,0.040047882869839665,0.9467787114845938,0.039229287650985614,0.07863815873861313,247.63025210084032,536.5999999999999,0,19.404106417670846,,strict stopped-motion goal condition from run.py; stopped_before_goal remains success=False
C_budget5000_near008_hybrid,5000,0.08,risk_v2_hybrid,stonehenge,risk_aware_v1_pre_cbf,5,outputs/stonehenge/splatfacto/2024-09-11_100724/config.yml,116446,False,False,True,stopped_before_goal,0.0007147323340177536,official GSplatLoader.query_distance safety h value; not meters,0.29146825317619324,0.7840002568014284,0.5554890714618291,0.5554890714618291,170,170,0.03696593279566835,0.03876431006938219,0.9588235294117647,0.06462928453012327,0.09789284318685532,389.9,591.0999999999999,0,9.219153843820095,,strict stopped-motion goal condition from run.py; stopped_before_goal remains success=False
C_budget5000_near008_hybrid,5000,0.08,risk_v2_hybrid,stonehenge,risk_aware_v1_pre_cbf,6,outputs/stonehenge/splatfacto/2024-09-11_100724/config.yml,116446,False,False,True,stopped_before_goal,0.0005385847762227058,official GSplatLoader.query_distance safety h value; not meters,0.5703917635403936,0.7840974736682284,0.33685473287504025,0.33685473287504025,243,243,0.036917330114623156,0.03897212818264961,0.9218106995884774,0.05751893825382911,0.11216102540493011,250.5185185185185,364.2999999999996,0,13.19399763084948,,strict stopped-motion goal condition from run.py; stopped_before_goal remains success=False
C_budget5000_near008_hybrid,5000,0.08,risk_v2_hybrid,stonehenge,risk_aware_v1_pre_cbf,7,outputs/stonehenge/splatfacto/2024-09-11_100724/config.yml,116446,False,False,True,stopped_before_goal,0.0008742101490497589,official GSplatLoader.query_distance safety h value; not meters,0.5912355581337282,0.7842369518727405,0.320568179923167,0.320568179923167,225,225,0.036772926764355764,0.03915796130895614,0.8933333333333333,0.04755968297993506,0.08738944679498672,247.60888888888888,395.4,0,12.154168978333473,,strict stopped-motion goal condition from run.py; stopped_before_goal remains success=False
C_budget5000_near008_hybrid,5000,0.08,risk_v2_hybrid,stonehenge,risk_aware_v1_pre_cbf,8,outputs/stonehenge/splatfacto/2024-09-11_100724/config.yml,116446,False,False,True,stopped_before_goal,0.0006320525426417589,official GSplatLoader.query_distance safety h value; not meters,0.8225472623215409,0.7842225786662452,0.13916244353358598,0.13916244353358598,331,331,0.037302438591767295,0.03990284167230129,0.9274924471299094,0.04766107319208315,0.08338266611099243,231.74320241691842,375.5,0,18.087016489356756,,strict stopped-motion goal condition from run.py; stopped_before_goal remains success=False
C_budget5000_near008_hybrid,5000,0.08,risk_v2_hybrid,stonehenge,risk_aware_v1_pre_cbf,9,outputs/stonehenge/splatfacto/2024-09-11_100724/config.yml,116446,False,False,True,stopped_before_goal,0.0011710315011441708,official GSplatLoader.query_distance safety h value; not meters,0.7953273481458832,0.7840745608661205,0.16047861962382096,0.16047861962382096,303,303,0.036268317844509686,0.03908444195985794,0.9075907590759076,0.04677215902611865,0.09014103561639786,251.93729372937293,413.79999999999995,0,16.063750196248293,,strict stopped-motion goal condition from run.py; stopped_before_goal remains success=False
C_budget5000_near008_hybrid,5000,0.08,risk_v2_hybrid,stonehenge,risk_aware_v1_pre_cbf,10,outputs/stonehenge/splatfacto/2024-09-11_100724/config.yml,116446,False,False,True,stopped_before_goal,0.0005090688355267048,official GSplatLoader.query_distance safety h value; not meters,0.6669698151132548,0.7840010261711613,0.26109600669717986,0.26109600669717986,264,264,0.036712043368342245,0.04164114529266953,0.9772727272727273,0.06885047657853664,0.1173030436038971,275.4583333333333,424.8999999999999,0,14.240781949833035,,strict stopped-motion goal condition from run.py; stopped_before_goal remains success=False
C_budget5000_near008_hybrid,5000,0.08,risk_v2_hybrid,stonehenge,risk_aware_v1_pre_cbf,11,outputs/stonehenge/splatfacto/2024-09-11_100724/config.yml,116446,False,False,True,stopped_before_goal,0.00046901931636966765,official GSplatLoader.query_distance safety h value; not meters,0.8285144940313139,0.7841053949339123,0.13446271038301835,0.13446271038301835,346,346,0.037767474631095206,0.04132001334801316,0.9942196531791907,0.07427170048833186,0.11627323180437088,291.23121387283237,444.5,0,19.09216210618615,,strict stopped-motion goal condition from run.py; stopped_before_goal remains success=False
C_budget5000_near008_hybrid,5000,0.08,risk_v2_hybrid,stonehenge,risk_aware_v1_pre_cbf,12,outputs/stonehenge/splatfacto/2024-09-11_100724/config.yml,116446,False,False,True,stopped_before_goal,0.0003336713125463575,official GSplatLoader.query_distance safety h value; not meters,0.8350879161850318,0.7842408858824762,0.1293307987037759,0.1293307987037759,364,364,0.03781563470365255,0.04112909380346536,0.9972527472527473,0.0787318457532026,0.11821997910737991,309.967032967033,570.9499999999998,0,20.062701424583793,,strict stopped-motion goal condition from run.py; stopped_before_goal remains success=False
C_budget5000_near008_hybrid,5000,0.08,risk_v2_hybrid,stonehenge,risk_aware_v1_pre_cbf,13,outputs/stonehenge/splatfacto/2024-09-11_100724/config.yml,116446,False,False,True,stopped_before_goal,0.0007767608622089028,official GSplatLoader.query_distance safety h value; not meters,0.2463773781489617,0.7842169948283072,0.591003667742651,0.591003667742651,123,123,0.03896240263086993,0.040790611691772935,1.0,0.09082941665518575,0.11308526992797852,352.0487804878049,643.1999999999998,0,6.892873343080282,,strict stopped-motion goal condition from run.py; stopped_before_goal remains success=False
C_budget5000_near008_hybrid,5000,0.08,risk_v2_hybrid,stonehenge,risk_aware_v1_pre_cbf,14,outputs/stonehenge/splatfacto/2024-09-11_100724/config.yml,116446,False,False,True,stopped_before_goal,0.0010722543811425567,official GSplatLoader.query_distance safety h value; not meters,0.2492456457617979,0.7840673094735207,0.5886419466030776,0.5886419466030776,115,115,0.03664054629271445,0.038725052960217,0.991304347826087,0.07908007961928368,0.11641161143779755,291.0695652173913,412.7,0,6.188942056149244,,strict stopped-motion goal condition from run.py; stopped_before_goal remains success=False
C_budget5000_near008_hybrid,5000,0.08,risk_v2_hybrid,stonehenge,risk_aware_v1_pre_cbf,15,outputs/stonehenge/splatfacto/2024-09-11_100724/config.yml,116446,False,False,True,stopped_before_goal,0.0005723302019760013,official GSplatLoader.query_distance safety h value; not meters,0.25073197032703043,0.7840023050097159,0.5874278623336964,0.5874278623336964,128,128,0.036806179632549174,0.038105938024818896,0.984375,0.08018666771094772,0.11611973494291306,314.8046875,405.95,0,6.895709466189146,,strict stopped-motion goal condition from run.py; stopped_before_goal remains success=False
C_budget5000_near008_hybrid,5000,0.08,risk_v2_hybrid,stonehenge,risk_aware_v1_pre_cbf,16,outputs/stonehenge/splatfacto/2024-09-11_100724/config.yml,116446,False,False,True,stopped_before_goal,0.0010280689457431436,official GSplatLoader.query_distance safety h value; not meters,0.04898873450122362,0.7841134052928949,0.7457006818621509,0.7457006818621509,39,39,0.03657353244339808,0.03817825596779585,0.9487179487179487,0.09343978708932191,0.12002342939376831,321.2307692307692,406.70000000000005,0,2.0960499066859484,,strict stopped-motion goal condition from run.py; stopped_before_goal remains success=False
C_budget5000_near008_hybrid,5000,0.08,risk_v2_hybrid,stonehenge,risk_aware_v1_pre_cbf,17,outputs/stonehenge/splatfacto/2024-09-11_100724/config.yml,116446,False,False,True,stopped_before_goal,0.000492550665512681,official GSplatLoader.query_distance safety h value; not meters,0.9915222481486339,0.7842443635063541,0.00664862910463946,0.0008373828381334648,447,465,0.039975410924162916,0.04886379688978195,0.6989247311827957,0.041494597481256126,0.10919446498155594,363.4279569892473,730.8,0,27.047048155218363,,strict stopped-motion goal condition from run.py; stopped_before_goal remains success=False
C_budget5000_near008_hybrid,5000,0.08,risk_v2_hybrid,stonehenge,risk_aware_v1_pre_cbf,18,outputs/stonehenge/splatfacto/2024-09-11_100724/config.yml,116446,False,False,True,stopped_before_goal,0.0006951957475394011,official GSplatLoader.query_distance safety h value; not meters,0.9912450517864253,0.7842110507680883,0.0068657271379875704,0.00032366289736148764,393,411,0.03971221528204108,0.04742047656327486,0.5815085158150851,0.027978073278413413,0.10335278511047363,374.67396593673965,672.0,0,23.563678493723273,,strict stopped-motion goal condition from run.py; stopped_before_goal remains success=False
C_budget5000_near008_hybrid,5000,0.08,risk_v2_hybrid,stonehenge,risk_aware_v1_pre_cbf,19,outputs/stonehenge/splatfacto/2024-09-11_100724/config.yml,116446,False,False,True,stopped_before_goal,0.0007775018457323313,official GSplatLoader.query_distance safety h value; not meters,0.9916483381565097,0.7840603005550516,0.006548206495141226,0.0005645423859620172,386,405,0.03951555548902647,0.04786889404058456,0.5851851851851851,0.024937403034330247,0.09945705533027649,400.5111111111111,684.8,0,22.966511266306043,,strict stopped-motion goal condition from run.py; stopped_before_goal remains success=False
D_budget2000_near005_hybrid,2000,0.05,risk_v2_hybrid,stonehenge,risk_aware_v1_pre_cbf,0,outputs/stonehenge/splatfacto/2024-09-11_100724/config.yml,116446,False,False,True,stopped_before_goal,0.0008556938264518976,official GSplatLoader.query_distance safety h value; not meters,0.8142474320186289,0.784,0.14563001329739494,0.14563001329739494,324,324,0.03486525423157914,0.0418578921817243,0.8950617283950617,0.02487224271927408,0.07440180331468582,137.54320987654322,200.0,0,16.880369517952204,,strict stopped-motion goal condition from run.py; stopped_before_goal remains success=False
D_budget2000_near005_hybrid,2000,0.05,risk_v2_hybrid,stonehenge,risk_aware_v1_pre_cbf,1,outputs/stonehenge/splatfacto/2024-09-11_100724/config.yml,116446,False,False,True,stopped_before_goal,0.0008075266378000379,official GSplatLoader.query_distance safety h value; not meters,0.19688921510757249,0.7840896733951637,0.629710873026437,0.629710873026437,114,114,0.03323217345761102,0.03529676683247089,0.9824561403508771,0.06709359736871957,0.10606209188699722,139.47368421052633,323.44999999999993,0,5.747207593172789,,strict stopped-motion goal condition from run.py; stopped_before_goal remains success=False
D_budget2000_near005_hybrid,2000,0.05,risk_v2_hybrid,stonehenge,risk_aware_v1_pre_cbf,2,outputs/stonehenge/splatfacto/2024-09-11_100724/config.yml,116446,False,False,True,stopped_before_goal,0.001313692657276988,official GSplatLoader.query_distance safety h value; not meters,0.19347971090773342,0.7842325773112758,0.6324994849686635,0.6324994849686635,104,104,0.03378533648971755,0.03890775525942445,0.9903846153846154,0.06545803489017105,0.08727267384529114,178.59615384615384,501.74999999999966,0,5.279659725725651,,strict stopped-motion goal condition from run.py; stopped_before_goal remains success=False
D_budget2000_near005_hybrid,2000,0.05,risk_v2_hybrid,stonehenge,risk_aware_v1_pre_cbf,3,outputs/stonehenge/splatfacto/2024-09-11_100724/config.yml,116446,False,False,True,stopped_before_goal,0.0008016332285478711,official GSplatLoader.query_distance safety h value; not meters,0.2280182873116921,0.7842277798056816,0.6054095045921393,0.6054095045921393,123,123,0.0338862858773247,0.03880544397979974,0.991869918699187,0.06581120585341738,0.08796009421348572,206.77235772357724,627.3999999999995,0,6.24790926091373,,strict stopped-motion goal condition from run.py; stopped_before_goal remains success=False
D_budget2000_near005_hybrid,2000,0.05,risk_v2_hybrid,stonehenge,risk_aware_v1_pre_cbf,4,outputs/stonehenge/splatfacto/2024-09-11_100724/config.yml,116446,False,False,True,stopped_before_goal,0.0008377970661967993,official GSplatLoader.query_distance safety h value; not meters,0.8190511283941361,0.784082025527739,0.14187875776568465,0.14187875776568465,356,356,0.0349457499864145,0.0385987781919539,0.9129213483146067,0.039011654721311816,0.0786382257938385,150.1629213483146,276.75,0,18.52829726599157,,strict stopped-motion goal condition from run.py; stopped_before_goal remains success=False
D_budget2000_near005_hybrid,2000,0.05,risk_v2_hybrid,stonehenge,risk_aware_v1_pre_cbf,5,outputs/stonehenge/splatfacto/2024-09-11_100724/config.yml,116446,False,False,True,stopped_before_goal,0.0007147225551307201,official GSplatLoader.query_distance safety h value; not meters,0.29146731759219907,0.7840002568014284,0.5554898049599208,0.5554898049599208,170,170,0.03386110637117835,0.03653498375788331,0.9588235294117647,0.06462918244059139,0.09789328277111053,170.54705882352943,347.89999999999935,0,8.626203088089824,,strict stopped-motion goal condition from run.py; stopped_before_goal remains success=False
D_budget2000_near005_hybrid,2000,0.05,risk_v2_hybrid,stonehenge,risk_aware_v1_pre_cbf,6,outputs/stonehenge/splatfacto/2024-09-11_100724/config.yml,116446,False,False,True,stopped_before_goal,0.0005385836120694876,official GSplatLoader.query_distance safety h value; not meters,0.5703960625717569,0.7840974736682284,0.33685136201540905,0.33685136201540905,243,243,0.03474278899039997,0.03740237914025783,0.9218106995884774,0.05751681658379608,0.1121610552072525,153.3045267489712,301.9,0,12.587438056245446,,strict stopped-motion goal condition from run.py; stopped_before_goal remains success=False
D_budget2000_near005_hybrid,2000,0.05,risk_v2_hybrid,stonehenge,risk_aware_v1_pre_cbf,7,outputs/stonehenge/splatfacto/2024-09-11_100724/config.yml,116446,False,False,True,stopped_before_goal,0.00086931511759758,official GSplatLoader.query_distance safety h value; not meters,0.5913373987176198,0.7842369518727405,0.3204883127740789,0.3204883127740789,225,225,0.033960497023330795,0.03641004078090191,0.8933333333333333,0.047544337223699586,0.08737987279891968,158.37333333333333,286.0,0,11.339378351345658,,strict stopped-motion goal condition from run.py; stopped_before_goal remains success=False
D_budget2000_near005_hybrid,2000,0.05,risk_v2_hybrid,stonehenge,risk_aware_v1_pre_cbf,8,outputs/stonehenge/splatfacto/2024-09-11_100724/config.yml,116446,False,False,True,stopped_before_goal,0.0006320516113191843,official GSplatLoader.query_distance safety h value; not meters,0.8225472645035431,0.7842225786662452,0.1391624418224106,0.1391624418224106,331,331,0.03463889509889655,0.036696355789899826,0.9274924471299094,0.04766107176231643,0.08338256925344467,147.6978851963746,245.0,0,16.924509016796947,,strict stopped-motion goal condition from run.py; stopped_before_goal remains success=False
D_budget2000_near005_hybrid,2000,0.05,risk_v2_hybrid,stonehenge,risk_aware_v1_pre_cbf,9,outputs/stonehenge/splatfacto/2024-09-11_100724/config.yml,116446,False,False,True,stopped_before_goal,0.0011710517574101686,official GSplatLoader.query_distance safety h value; not meters,0.7954036682389426,0.7840745608661205,0.16041877898037016,0.16041877898037016,303,303,0.03434102791714983,0.0366444893181324,0.9075907590759076,0.04676314640424806,0.09014101326465607,149.11881188118812,247.89999999999998,0,15.374671295285225,,strict stopped-motion goal condition from run.py; stopped_before_goal remains success=False
D_budget2000_near005_hybrid,2000,0.05,risk_v2_hybrid,stonehenge,risk_aware_v1_pre_cbf,10,outputs/stonehenge/splatfacto/2024-09-11_100724/config.yml,116446,False,False,True,stopped_before_goal,0.0005090670892968774,official GSplatLoader.query_distance safety h value; not meters,0.6669694943708506,0.7840010261711613,0.2610962581595539,0.2610962581595539,264,264,0.035519042828430734,0.03904076386243105,0.9772727272727273,0.06885046991145582,0.11730290204286575,183.08333333333334,369.4,0,13.900483027100563,,strict stopped-motion goal condition from run.py; stopped_before_goal remains success=False
D_budget2000_near005_hybrid,2000,0.05,risk_v2_hybrid,stonehenge,risk_aware_v1_pre_cbf,11,outputs/stonehenge/splatfacto/2024-09-11_100724/config.yml,116446,False,False,True,stopped_before_goal,0.00046902315807528794,official GSplatLoader.query_distance safety h value; not meters,0.8285144365493918,0.7841053949339123,0.13446275545490358,0.13446275545490358,346,346,0.03590540012420085,0.03918069414794445,0.9942196531791907,0.07427170500319666,0.11627313494682312,192.95664739884393,295.0,0,18.310618905350566,,strict stopped-motion goal condition from run.py; stopped_before_goal remains success=False
D_budget2000_near005_hybrid,2000,0.05,risk_v2_hybrid,stonehenge,risk_aware_v1_pre_cbf,12,outputs/stonehenge/splatfacto/2024-09-11_100724/config.yml,116446,False,False,True,stopped_before_goal,0.00033367154537700117,official GSplatLoader.query_distance safety h value; not meters,0.8350877544053447,0.7842408858824762,0.12933092557802098,0.12933092557802098,364,364,0.036346514530193344,0.04262817036360502,0.9972527472527473,0.07873183294251368,0.11821979284286499,201.01373626373626,394.0999999999998,0,19.557186000049114,,strict stopped-motion goal condition from run.py; stopped_before_goal remains success=False
D_budget2000_near005_hybrid,2000,0.05,risk_v2_hybrid,stonehenge,risk_aware_v1_pre_cbf,13,outputs/stonehenge/splatfacto/2024-09-11_100724/config.yml,116446,False,False,True,stopped_before_goal,0.0007767633069306612,official GSplatLoader.query_distance safety h value; not meters,0.24637747764834775,0.7842169948283072,0.5910035897135415,0.5910035897135415,123,123,0.03616030568756708,0.04369354154914617,1.0,0.09082941633717316,0.11308500915765762,266.1869918699187,572.7999999999997,0,6.56332984007895,,strict stopped-motion goal condition from run.py; stopped_before_goal remains success=False
D_budget2000_near005_hybrid,2000,0.05,risk_v2_hybrid,stonehenge,risk_aware_v1_pre_cbf,14,outputs/stonehenge/splatfacto/2024-09-11_100724/config.yml,116446,False,False,True,stopped_before_goal,0.0010722529841586947,official GSplatLoader.query_distance safety h value; not meters,0.24924558854146597,0.7840673094735207,0.5886419914676693,0.5886419914676693,115,115,0.03527897759948088,0.03959144428372382,0.991304347826087,0.07908005915742942,0.11641155928373337,197.8521739130435,310.3,0,6.023844871670008,,strict stopped-motion goal condition from run.py; stopped_before_goal remains success=False
D_budget2000_near005_hybrid,2000,0.05,risk_v2_hybrid,stonehenge,risk_aware_v1_pre_cbf,15,outputs/stonehenge/splatfacto/2024-09-11_100724/config.yml,116446,False,False,True,stopped_before_goal,0.0005731265991926193,official GSplatLoader.query_distance safety h value; not meters,0.2507526230430753,0.7840023050097159,0.5874116705567125,0.5874116705567125,128,128,0.03412674616265576,0.035561928153038026,0.984375,0.08018912153396651,0.11613692343235016,183.8046875,213.29999999999998,0,6.479418994858861,,strict stopped-motion goal condition from run.py; stopped_before_goal remains success=False
D_budget2000_near005_hybrid,2000,0.05,risk_v2_hybrid,stonehenge,risk_aware_v1_pre_cbf,16,outputs/stonehenge/splatfacto/2024-09-11_100724/config.yml,116446,False,False,True,stopped_before_goal,0.0010280634742230177,official GSplatLoader.query_distance safety h value; not meters,0.04898882972299207,0.7841134052928949,0.7457006071974858,0.7457006071974858,39,39,0.03342470326102697,0.035191537067294124,0.9487179487179487,0.09343985530237357,0.12002374976873398,158.92307692307693,167.1,0,1.9466607198119164,,strict stopped-motion goal condition from run.py; stopped_before_goal remains success=False
D_budget2000_near005_hybrid,2000,0.05,risk_v2_hybrid,stonehenge,risk_aware_v1_pre_cbf,17,outputs/stonehenge/splatfacto/2024-09-11_100724/config.yml,116446,False,False,True,stopped_before_goal,0.000492413411848247,official GSplatLoader.query_distance safety h value; not meters,0.9916707412392932,0.7842443635063541,0.00653217423527019,0.0005487175266668804,446,465,0.03543022509704354,0.040755408629775045,0.6946236559139785,0.041427282141236366,0.10919457674026489,183.88172043010752,332.5999999999997,0,24.1914607193321,,strict stopped-motion goal condition from run.py; stopped_before_goal remains success=False
D_budget2000_near005_hybrid,2000,0.05,risk_v2_hybrid,stonehenge,risk_aware_v1_pre_cbf,18,outputs/stonehenge/splatfacto/2024-09-11_100724/config.yml,116446,False,False,True,stopped_before_goal,0.0006951945833861828,official GSplatLoader.query_distance safety h value; not meters,0.9912576308013832,0.7842110507680883,0.0068558625354499005,0.000347906941315445,393,411,0.03541081228776135,0.040576823987066746,0.5790754257907542,0.02797136262832216,0.10335299372673035,183.82238442822384,328.0,0,21.331858148798347,,strict stopped-motion goal condition from run.py; stopped_before_goal remains success=False
D_budget2000_near005_hybrid,2000,0.05,risk_v2_hybrid,stonehenge,risk_aware_v1_pre_cbf,19,outputs/stonehenge/splatfacto/2024-09-11_100724/config.yml,116446,False,False,True,stopped_before_goal,0.0007775054546073079,official GSplatLoader.query_distance safety h value; not meters,0.9911136545189111,0.7840603005550516,0.006967430708738606,0.00011829175861446456,386,404,0.03576618734064816,0.04234127039089798,0.5495049504950495,0.024910452807974787,0.09945690631866455,178.7351485148515,346.69999999999993,0,21.16499779559672,,strict stopped-motion goal condition from run.py; stopped_before_goal remains success=False
E_budget2000_near012_hybrid,2000,0.12,risk_v2_hybrid,stonehenge,risk_aware_v1_pre_cbf,0,outputs/stonehenge/splatfacto/2024-09-11_100724/config.yml,116446,False,False,True,stopped_before_goal,0.0008511256892234087,official GSplatLoader.query_distance safety h value; not meters,0.8150653908716482,0.784,0.14498873355662784,0.14498873355662784,325,325,0.037771921599140536,0.043168630823493,0.9046153846153846,0.025066751628065497,0.07492420077323914,249.28,492.40000000000003,0,17.869166946038604,,strict stopped-motion goal condition from run.py; stopped_before_goal remains success=False
E_budget2000_near012_hybrid,2000,0.12,risk_v2_hybrid,stonehenge,risk_aware_v1_pre_cbf,1,outputs/stonehenge/splatfacto/2024-09-11_100724/config.yml,116446,False,False,True,stopped_before_goal,0.0008069270988926291,official GSplatLoader.query_distance safety h value; not meters,0.19687965975830446,0.7840896733951637,0.6297183652771238,0.6297183652771238,114,114,0.038473407411130894,0.04207282327115536,0.9824561403508771,0.0670824605448727,0.10606211423873901,412.32456140350877,721.0,0,6.343896085396409,,strict stopped-motion goal condition from run.py; stopped_before_goal remains success=False
E_budget2000_near012_hybrid,2000,0.12,risk_v2_hybrid,stonehenge,risk_aware_v1_pre_cbf,2,outputs/stonehenge/splatfacto/2024-09-11_100724/config.yml,116446,False,False,True,stopped_before_goal,0.0013136954512447119,official GSplatLoader.query_distance safety h value; not meters,0.19347976814311968,0.7842325773112758,0.632499440082809,0.632499440082809,104,104,0.03898014882221245,0.04776495136320591,0.9903846153846154,0.06545805094123391,0.08727268874645233,431.5769230769231,771.0999999999997,0,5.8611763790249825,,strict stopped-motion goal condition from run.py; stopped_before_goal remains success=False
E_budget2000_near012_hybrid,2000,0.12,risk_v2_hybrid,stonehenge,risk_aware_v1_pre_cbf,3,outputs/stonehenge/splatfacto/2024-09-11_100724/config.yml,116446,False,False,True,stopped_before_goal,0.000800861744210124,official GSplatLoader.query_distance safety h value; not meters,0.2279667455674006,0.7842277798056816,0.6054499250598323,0.6054499250598323,123,123,0.03999097998125282,0.048410109058022496,0.991869918699187,0.06581279616878648,0.08786012977361679,488.8211382113821,849.1999999999996,0,7.088047347962856,,strict stopped-motion goal condition from run.py; stopped_before_goal remains success=False
E_budget2000_near012_hybrid,2000,0.12,risk_v2_hybrid,stonehenge,risk_aware_v1_pre_cbf,4,outputs/stonehenge/splatfacto/2024-09-11_100724/config.yml,116446,False,False,True,stopped_before_goal,0.0008385828696191311,official GSplatLoader.query_distance safety h value; not meters,0.8193102780640665,0.784082025527739,0.1416755631675707,0.1416755631675707,357,357,0.038848758719506715,0.04316586740314961,0.9523809523809523,0.03923597131055923,0.07863815873861313,325.6330532212885,667.5999999999999,0,20.04633179306984,,strict stopped-motion goal condition from run.py; stopped_before_goal remains success=False
E_budget2000_near012_hybrid,2000,0.12,risk_v2_hybrid,stonehenge,risk_aware_v1_pre_cbf,5,outputs/stonehenge/splatfacto/2024-09-11_100724/config.yml,116446,False,False,True,stopped_before_goal,0.0007147327996790409,official GSplatLoader.query_distance safety h value; not meters,0.29146818562437143,0.7840002568014284,0.5554891244224748,0.5554891244224748,170,170,0.042111140599145606,0.04749087933450937,0.9588235294117647,0.06462926773860088,0.09789280593395233,587.9058823529411,831.0999999999999,0,10.070356830954552,,strict stopped-motion goal condition from run.py; stopped_before_goal remains success=False
E_budget2000_near012_hybrid,2000,0.12,risk_v2_hybrid,stonehenge,risk_aware_v1_pre_cbf,6,outputs/stonehenge/splatfacto/2024-09-11_100724/config.yml,116446,False,False,True,stopped_before_goal,0.0005385848926380277,official GSplatLoader.query_distance safety h value; not meters,0.570391811179748,0.7840974736682284,0.33685469552114283,0.33685469552114283,243,243,0.03800891194139979,0.041391860507428636,0.9218106995884774,0.05751891371922365,0.11216104030609131,353.86008230452677,573.7999999999997,0,13.281483268365264,,strict stopped-motion goal condition from run.py; stopped_before_goal remains success=False
E_budget2000_near012_hybrid,2000,0.12,risk_v2_hybrid,stonehenge,risk_aware_v1_pre_cbf,7,outputs/stonehenge/splatfacto/2024-09-11_100724/config.yml,116446,False,False,True,stopped_before_goal,0.00087421212811023,official GSplatLoader.query_distance safety h value; not meters,0.591235528501809,0.7842369518727405,0.32056820316161294,0.32056820316161294,225,225,0.037831754957636195,0.041251872852444645,0.8933333333333333,0.04755968226596647,0.0873895138502121,340.9377777777778,495.59999999999997,0,12.26755965873599,,strict stopped-motion goal condition from run.py; stopped_before_goal remains success=False
E_budget2000_near012_hybrid,2000,0.12,risk_v2_hybrid,stonehenge,risk_aware_v1_pre_cbf,8,outputs/stonehenge/splatfacto/2024-09-11_100724/config.yml,116446,False,False,True,stopped_before_goal,0.0006320524262264371,official GSplatLoader.query_distance safety h value; not meters,0.8225472634138692,0.7842225786662452,0.13916244267695746,0.13916244267695746,331,331,0.03839107991682979,0.040742586366832256,0.9244712990936556,0.04766105588844286,0.08338261395692825,337.9335347432024,548.0,0,18.26746067404747,,strict stopped-motion goal condition from run.py; stopped_before_goal remains success=False
E_budget2000_near012_hybrid,2000,0.12,risk_v2_hybrid,stonehenge,risk_aware_v1_pre_cbf,9,outputs/stonehenge/splatfacto/2024-09-11_100724/config.yml,116446,False,False,True,stopped_before_goal,0.0011710200924426317,official GSplatLoader.query_distance safety h value; not meters,0.7953131480714464,0.7840745608661205,0.16048975354094933,0.16048975354094933,303,303,0.038693103779463875,0.04140162467956543,0.9075907590759076,0.04677324027549006,0.09014108777046204,376.93399339933995,618.0999999999998,0,16.82218772545457,,strict stopped-motion goal condition from run.py; stopped_before_goal remains success=False
E_budget2000_near012_hybrid,2000,0.12,risk_v2_hybrid,stonehenge,risk_aware_v1_pre_cbf,10,outputs/stonehenge/splatfacto/2024-09-11_100724/config.yml,116446,False,False,True,stopped_before_goal,0.0005090666236355901,official GSplatLoader.query_distance safety h value; not meters,0.6669694600218258,0.7840010261711613,0.2610962850892245,0.2610962850892245,264,264,0.03997088011325986,0.04282001722604036,0.9772727272727273,0.06885046446621394,0.11730291694402695,403.094696969697,630.5,0,14.99383714236319,,strict stopped-motion goal condition from run.py; stopped_before_goal remains success=False
E_budget2000_near012_hybrid,2000,0.12,risk_v2_hybrid,stonehenge,risk_aware_v1_pre_cbf,11,outputs/stonehenge/splatfacto/2024-09-11_100724/config.yml,116446,False,False,True,stopped_before_goal,0.0004690187342930585,official GSplatLoader.query_distance safety h value; not meters,0.8285140446355119,0.7841053949339123,0.13446306275669118,0.13446306275669118,346,346,0.03948259908662883,0.04284621216356754,0.9942196531791907,0.07427159236241329,0.11627284437417984,394.9219653179191,724.5,0,19.48341293632984,,strict stopped-motion goal condition from run.py; stopped_before_goal remains success=False
E_budget2000_near012_hybrid,2000,0.12,risk_v2_hybrid,stonehenge,risk_aware_v1_pre_cbf,12,outputs/stonehenge/splatfacto/2024-09-11_100724/config.yml,116446,False,False,True,stopped_before_goal,0.00033367096330039203,official GSplatLoader.query_distance safety h value; not meters,0.8350879443763085,0.7842408858824762,0.12933077659502404,0.12933077659502404,364,364,0.039953012930249776,0.043013372272253034,0.9972527472527473,0.07873180941765863,0.1182200163602829,418.8076923076923,764.8499999999999,0,20.77600422874093,,strict stopped-motion goal condition from run.py; stopped_before_goal remains success=False
E_budget2000_near012_hybrid,2000,0.12,risk_v2_hybrid,stonehenge,risk_aware_v1_pre_cbf,13,outputs/stonehenge/splatfacto/2024-09-11_100724/config.yml,116446,False,False,True,stopped_before_goal,0.0007767623756080866,official GSplatLoader.query_distance safety h value; not meters,0.24637728334385522,0.7842169948283072,0.5910037420904267,0.5910037420904267,123,123,0.03974694423983252,0.04233919810503721,1.0,0.09082938052289855,0.1130852997303009,516.5934959349594,746.4999999999999,0,6.994654074311256,,strict stopped-motion goal condition from run.py; stopped_before_goal remains success=False
E_budget2000_near012_hybrid,2000,0.12,risk_v2_hybrid,stonehenge,risk_aware_v1_pre_cbf,14,outputs/stonehenge/splatfacto/2024-09-11_100724/config.yml,116446,False,False,True,stopped_before_goal,0.0010722700972110033,official GSplatLoader.query_distance safety h value; not meters,0.24924553542302777,0.7840673094735207,0.5886420331161002,0.5886420331161002,115,115,0.03908840100402417,0.04088791087269783,0.991304347826087,0.07908003162387833,0.11641150712966919,447.3391304347826,587.2,0,6.469826636835933,,strict stopped-motion goal condition from run.py; stopped_before_goal remains success=False
E_budget2000_near012_hybrid,2000,0.12,risk_v2_hybrid,stonehenge,risk_aware_v1_pre_cbf,15,outputs/stonehenge/splatfacto/2024-09-11_100724/config.yml,116446,False,False,True,stopped_before_goal,0.0005723279900848866,official GSplatLoader.query_distance safety h value; not meters,0.25073187526526763,0.7840023050097159,0.5874279368623375,0.5874279368623375,128,128,0.0389225933176931,0.04099385980516672,0.984375,0.0801866426918105,0.11611949652433395,431.90625,511.95,0,7.17235042899847,,strict stopped-motion goal condition from run.py; stopped_before_goal remains success=False
E_budget2000_near012_hybrid,2000,0.12,risk_v2_hybrid,stonehenge,risk_aware_v1_pre_cbf,16,outputs/stonehenge/splatfacto/2024-09-11_100724/config.yml,116446,False,False,True,stopped_before_goal,0.0010280662681907415,official GSplatLoader.query_distance safety h value; not meters,0.04898884647148639,0.7841134052928949,0.7457005940647669,0.7457005940647669,39,39,0.03783577570739465,0.039813697896897794,0.9487179487179487,0.09343983178799992,0.1200234517455101,377.64102564102564,448.5,0,2.1431537866592407,,strict stopped-motion goal condition from run.py; stopped_before_goal remains success=False
E_budget2000_near012_hybrid,2000,0.12,risk_v2_hybrid,stonehenge,risk_aware_v1_pre_cbf,17,outputs/stonehenge/splatfacto/2024-09-11_100724/config.yml,116446,False,False,True,stopped_before_goal,0.000492249964736402,official GSplatLoader.query_distance safety h value; not meters,0.991443195241806,0.7842443635063541,0.0067106259012379805,0.0006616406107791853,447,465,0.041810791671115864,0.04876982234418392,0.7204301075268817,0.04154220580113567,0.10919450223445892,506.88817204301074,971.5999999999999,0,27.439495472237468,,strict stopped-motion goal condition from run.py; stopped_before_goal remains success=False
E_budget2000_near012_hybrid,2000,0.12,risk_v2_hybrid,stonehenge,risk_aware_v1_pre_cbf,18,outputs/stonehenge/splatfacto/2024-09-11_100724/config.yml,116446,False,False,True,stopped_before_goal,0.0006928752409294248,official GSplatLoader.query_distance safety h value; not meters,0.9912523483838015,0.7842110507680883,0.00686000506569213,0.00033836842876207605,393,411,0.04232949686945935,0.04998678620904684,0.5888077858880778,0.028054047387136048,0.10335274785757065,537.6569343065694,955.5,0,24.539487900212407,,strict stopped-motion goal condition from run.py; stopped_before_goal remains success=False
E_budget2000_near012_hybrid,2000,0.12,risk_v2_hybrid,stonehenge,risk_aware_v1_pre_cbf,19,outputs/stonehenge/splatfacto/2024-09-11_100724/config.yml,116446,False,False,True,stopped_before_goal,0.0007741631707176566,official GSplatLoader.query_distance safety h value; not meters,0.9915961122003994,0.7840603005550516,0.006589154793985706,0.0006903844248704696,386,405,0.04301475580367777,0.05097608305513859,0.5925925925925926,0.024969189258776576,0.09945695847272873,549.1185185185185,915.8,0,24.43634633719921,,strict stopped-motion goal condition from run.py; stopped_before_goal remains success=False
F_budget2000_near008_activefreq,2000,0.08,risk_v0_active_frequency,stonehenge,risk_aware_v1_pre_cbf,0,outputs/stonehenge/splatfacto/2024-09-11_100724/config.yml,116446,False,False,True,stopped_before_goal,0.0008511258056387305,official GSplatLoader.query_distance safety h value; not meters,0.8151260834788997,0.784,0.1449411505525427,0.1449411505525427,325,325,0.03474976123525546,0.04118252657353878,0.9015384615384615,0.02505720689320078,0.07496394962072372,191.84,381.0,0,16.762246064841747,,strict stopped-motion goal condition from run.py; stopped_before_goal remains success=False
F_budget2000_near008_activefreq,2000,0.08,risk_v0_active_frequency,stonehenge,risk_aware_v1_pre_cbf,1,outputs/stonehenge/splatfacto/2024-09-11_100724/config.yml,116446,False,False,True,stopped_before_goal,0.0008069268660619855,official GSplatLoader.query_distance safety h value; not meters,0.19687967863455672,0.7840896733951637,0.6297183504764493,0.6297183504764493,114,114,0.03414270172320437,0.03611504575237632,0.9824561403508771,0.06708249134343965,0.10606218129396439,278.7456140350877,451.7,0,5.775474064052105,,strict stopped-motion goal condition from run.py; stopped_before_goal remains success=False
F_budget2000_near008_activefreq,2000,0.08,risk_v0_active_frequency,stonehenge,risk_aware_v1_pre_cbf,2,outputs/stonehenge/splatfacto/2024-09-11_100724/config.yml,116446,False,False,True,stopped_before_goal,0.0013136927736923099,official GSplatLoader.query_distance safety h value; not meters,0.19347972984861803,0.7842325773112758,0.6324994701146047,0.6324994701146047,104,104,0.03447108287722445,0.03662743801251054,0.9903846153846154,0.06545803620390994,0.08727269619703293,295.08653846153845,540.9499999999997,0,5.323622876778245,,strict stopped-motion goal condition from run.py; stopped_before_goal remains success=False
F_budget2000_near008_activefreq,2000,0.08,risk_v0_active_frequency,stonehenge,risk_aware_v1_pre_cbf,3,outputs/stonehenge/splatfacto/2024-09-11_100724/config.yml,116446,False,False,True,stopped_before_goal,0.0008008615113794804,official GSplatLoader.query_distance safety h value; not meters,0.22796674574393724,0.7842277798056816,0.6054499249213874,0.6054499249213874,123,123,0.034709738431180394,0.03869470525532961,0.991869918699187,0.06581280356947398,0.0878601223230362,349.0569105691057,657.7999999999995,0,6.300818106159568,,strict stopped-motion goal condition from run.py; stopped_before_goal remains success=False
F_budget2000_near008_activefreq,2000,0.08,risk_v0_active_frequency,stonehenge,risk_aware_v1_pre_cbf,4,outputs/stonehenge/splatfacto/2024-09-11_100724/config.yml,116446,False,False,True,stopped_before_goal,0.000838529085740447,official GSplatLoader.query_distance safety h value; not meters,0.819616646662365,0.784082025527739,0.14143534505645874,0.14143534505645874,357,357,0.03554308141584323,0.038771114125847814,0.9439775910364145,0.03918884664926572,0.07863824814558029,239.00840336134453,530.0,0,18.72822797112167,,strict stopped-motion goal condition from run.py; stopped_before_goal remains success=False
F_budget2000_near008_activefreq,2000,0.08,risk_v0_active_frequency,stonehenge,risk_aware_v1_pre_cbf,5,outputs/stonehenge/splatfacto/2024-09-11_100724/config.yml,116446,False,False,True,stopped_before_goal,0.0007147289579734206,official GSplatLoader.query_distance safety h value; not meters,0.291468214955073,0.7840002568014284,0.5554891014271972,0.5554891014271972,170,170,0.03532151989638806,0.03724479964002967,0.9588235294117647,0.06462932360046285,0.0978928729891777,381.16470588235296,565.0,0,8.854003809392452,,strict stopped-motion goal condition from run.py; stopped_before_goal remains success=False
F_budget2000_near008_activefreq,2000,0.08,risk_v0_active_frequency,stonehenge,risk_aware_v1_pre_cbf,6,outputs/stonehenge/splatfacto/2024-09-11_100724/config.yml,116446,False,False,True,stopped_before_goal,0.0005385838449001312,official GSplatLoader.query_distance safety h value; not meters,0.5703960814766261,0.7840974736682284,0.3368513471921489,0.3368513471921489,243,243,0.03534434098796344,0.03797619100660085,0.9218106995884774,0.05751680531268924,0.1121610477566719,240.20987654320987,357.6999999999995,0,12.709432154893875,,strict stopped-motion goal condition from run.py; stopped_before_goal remains success=False
F_budget2000_near008_activefreq,2000,0.08,risk_v0_active_frequency,stonehenge,risk_aware_v1_pre_cbf,7,outputs/stonehenge/splatfacto/2024-09-11_100724/config.yml,116446,False,False,True,stopped_before_goal,0.000874209450557828,official GSplatLoader.query_distance safety h value; not meters,0.5912355676463673,0.7842369518727405,0.3205681724630039,0.3205681724630039,225,225,0.03471527684066031,0.03689744919538498,0.8933333333333333,0.047559674913786536,0.08738937973976135,237.10222222222222,388.0,0,11.548119967803359,,strict stopped-motion goal condition from run.py; stopped_before_goal remains success=False
F_budget2000_near008_activefreq,2000,0.08,risk_v0_active_frequency,stonehenge,risk_aware_v1_pre_cbf,8,outputs/stonehenge/splatfacto/2024-09-11_100724/config.yml,116446,False,False,True,stopped_before_goal,0.0006320524262264371,official GSplatLoader.query_distance safety h value; not meters,0.8225472634112168,0.7842225786662452,0.13916244267903752,0.13916244267903752,331,331,0.03496613426646077,0.037578120827674866,0.9274924471299094,0.04766107421321072,0.08338262140750885,222.74320241691842,371.0,0,17.07373172789812,,strict stopped-motion goal condition from run.py; stopped_before_goal remains success=False
F_budget2000_near008_activefreq,2000,0.08,risk_v0_active_frequency,stonehenge,risk_aware_v1_pre_cbf,9,outputs/stonehenge/splatfacto/2024-09-11_100724/config.yml,116446,False,False,True,stopped_before_goal,0.0011710308026522398,official GSplatLoader.query_distance safety h value; not meters,0.7953933338982863,0.7840745608661205,0.16042688187398207,0.16042688187398207,303,303,0.03511787073766635,0.03818664345890284,0.9075907590759076,0.04676627600660257,0.09014105051755905,243.25412541254124,407.0,0,15.703524477779865,,strict stopped-motion goal condition from run.py; stopped_before_goal remains success=False
F_budget2000_near008_activefreq,2000,0.08,risk_v0_active_frequency,stonehenge,risk_aware_v1_pre_cbf,10,outputs/stonehenge/splatfacto/2024-09-11_100724/config.yml,116446,False,False,True,stopped_before_goal,0.0005090693011879921,official GSplatLoader.query_distance safety h value; not meters,0.666969936162392,0.7840010261711613,0.26109591179453207,0.26109591179453207,264,264,0.03558583719176099,0.040971519146114584,0.9772727272727273,0.06885046471714595,0.11730299890041351,259.5378787878788,418.5999999999999,0,13.907369930297136,,strict stopped-motion goal condition from run.py; stopped_before_goal remains success=False
F_budget2000_near008_activefreq,2000,0.08,risk_v0_active_frequency,stonehenge,risk_aware_v1_pre_cbf,11,outputs/stonehenge/splatfacto/2024-09-11_100724/config.yml,116446,False,False,True,stopped_before_goal,0.00046902571921236813,official GSplatLoader.query_distance safety h value; not meters,0.8285144651718557,0.7841053949339123,0.13446273301187525,0.13446273301187525,346,346,0.036044210227841586,0.03943453077226877,0.9942196531791907,0.0742717904444025,0.1162731945514679,281.82947976878614,439.75,0,18.346530631184578,,strict stopped-motion goal condition from run.py; stopped_before_goal remains success=False
F_budget2000_near008_activefreq,2000,0.08,risk_v0_active_frequency,stonehenge,risk_aware_v1_pre_cbf,12,outputs/stonehenge/splatfacto/2024-09-11_100724/config.yml,116446,False,False,True,stopped_before_goal,0.00033367317519150674,official GSplatLoader.query_distance safety h value; not meters,0.8350878095564164,0.7842408858824762,0.12933088232629558,0.12933088232629558,364,364,0.035990521659726625,0.04011494303122162,0.9972527472527473,0.07873182724103597,0.11821987479925156,301.68131868131866,570.9499999999998,0,19.218627616763115,,strict stopped-motion goal condition from run.py; stopped_before_goal remains success=False
F_budget2000_near008_activefreq,2000,0.08,risk_v0_active_frequency,stonehenge,risk_aware_v1_pre_cbf,13,outputs/stonehenge/splatfacto/2024-09-11_100724/config.yml,116446,False,False,True,stopped_before_goal,0.0007767596980556846,official GSplatLoader.query_distance safety h value; not meters,0.24637738189676167,0.7842169948283072,0.5910036648035626,0.5910036648035626,123,123,0.03521511568952867,0.03923088703304529,1.0,0.09082942089535356,0.1130853220820427,352.9024390243902,643.1999999999998,0,6.372398000210524,,strict stopped-motion goal condition from run.py; stopped_before_goal remains success=False
F_budget2000_near008_activefreq,2000,0.08,risk_v0_active_frequency,stonehenge,risk_aware_v1_pre_cbf,14,outputs/stonehenge/splatfacto/2024-09-11_100724/config.yml,116446,False,False,True,stopped_before_goal,0.0010722634615376592,official GSplatLoader.query_distance safety h value; not meters,0.24924553097973762,0.7840673094735207,0.5886420365999387,0.5886420365999387,115,115,0.035296644675342936,0.0371922941878438,0.991304347826087,0.0790800161597733,0.11641155183315277,292.90434782608696,412.7,0,5.974763631820679,,strict stopped-motion goal condition from run.py; stopped_before_goal remains success=False
F_budget2000_near008_activefreq,2000,0.08,risk_v0_active_frequency,stonehenge,risk_aware_v1_pre_cbf,15,outputs/stonehenge/splatfacto/2024-09-11_100724/config.yml,116446,False,False,True,stopped_before_goal,0.0005723289214074612,official GSplatLoader.query_distance safety h value; not meters,0.25073193855695625,0.7840023050097159,0.5874278872415077,0.5874278872415077,128,128,0.03570453303109389,0.03735407590866088,0.984375,0.08018666302523102,0.11611973494291306,316.3046875,405.95,0,6.717232372611761,,strict stopped-motion goal condition from run.py; stopped_before_goal remains success=False
F_budget2000_near008_activefreq,2000,0.08,risk_v0_active_frequency,stonehenge,risk_aware_v1_pre_cbf,16,outputs/stonehenge/splatfacto/2024-09-11_100724/config.yml,116446,False,False,True,stopped_before_goal,0.0010280694114044309,official GSplatLoader.query_distance safety h value; not meters,0.048988729643191606,0.7841134052928949,0.7457006856713989,0.7457006856713989,39,39,0.0346966960395758,0.036265382170677186,0.9487179487179487,0.09343978431923425,0.12002342194318771,319.5128205128205,405.70000000000005,0,2.00119342841208,,strict stopped-motion goal condition from run.py; stopped_before_goal remains success=False
F_budget2000_near008_activefreq,2000,0.08,risk_v0_active_frequency,stonehenge,risk_aware_v1_pre_cbf,17,outputs/stonehenge/splatfacto/2024-09-11_100724/config.yml,116446,False,False,True,stopped_before_goal,0.0004925734829157591,official GSplatLoader.query_distance safety h value; not meters,0.9916430048389855,0.7842443635063541,0.006553926350875512,0.0006158793619378364,446,465,0.03671453070416245,0.043728617578744876,0.7010752688172043,0.041445223476595454,0.10919448733329773,357.6774193548387,716.0,0,24.86735650524497,,strict stopped-motion goal condition from run.py; stopped_before_goal remains success=False
F_budget2000_near008_activefreq,2000,0.08,risk_v0_active_frequency,stonehenge,risk_aware_v1_pre_cbf,18,outputs/stonehenge/splatfacto/2024-09-11_100724/config.yml,116446,False,False,True,stopped_before_goal,0.0006951885297894478,official GSplatLoader.query_distance safety h value; not meters,0.9912444817386515,0.7842110507680883,0.006866174175751254,0.0003226852610768305,393,411,0.03708077957196537,0.04532420076429844,0.5815085158150851,0.027978228857314495,0.10335343331098557,369.84671532846716,669.0,0,22.115477237850428,,strict stopped-motion goal condition from run.py; stopped_before_goal remains success=False
F_budget2000_near008_activefreq,2000,0.08,risk_v0_active_frequency,stonehenge,risk_aware_v1_pre_cbf,19,outputs/stonehenge/splatfacto/2024-09-11_100724/config.yml,116446,False,False,True,stopped_before_goal,0.0007774989353492856,official GSplatLoader.query_distance safety h value; not meters,0.9916562443032274,0.7840603005550516,0.006542007599369384,0.0005455243608589394,386,405,0.038121264993592544,0.04605098739266395,0.5851851851851851,0.02493433109870656,0.09945706278085709,395.78765432098766,671.0,0,22.15165334381163,,strict stopped-motion goal condition from run.py; stopped_before_goal remains success=False
G_budget2000_near008_geometry,2000,0.08,risk_v1_geometry,stonehenge,risk_aware_v1_pre_cbf,0,outputs/stonehenge/splatfacto/2024-09-11_100724/config.yml,116446,False,False,True,stopped_before_goal,0.0008511258056387305,official GSplatLoader.query_distance safety h value; not meters,0.8151260834788997,0.784,0.1449411505525427,0.1449411505525427,325,325,0.03608517977480705,0.04243054129183293,0.9015384615384615,0.02505720689320078,0.07496394962072372,191.84,381.0,0,17.426263853907585,,strict stopped-motion goal condition from run.py; stopped_before_goal remains success=False
G_budget2000_near008_geometry,2000,0.08,risk_v1_geometry,stonehenge,risk_aware_v1_pre_cbf,1,outputs/stonehenge/splatfacto/2024-09-11_100724/config.yml,116446,False,False,True,stopped_before_goal,0.0008069268660619855,official GSplatLoader.query_distance safety h value; not meters,0.19687967863455672,0.7840896733951637,0.6297183504764493,0.6297183504764493,114,114,0.035446628960862495,0.037505648285150524,0.9824561403508771,0.06708249134343965,0.10606218129396439,278.7456140350877,451.7,0,6.030236521735787,,strict stopped-motion goal condition from run.py; stopped_before_goal remains success=False
G_budget2000_near008_geometry,2000,0.08,risk_v1_geometry,stonehenge,risk_aware_v1_pre_cbf,2,outputs/stonehenge/splatfacto/2024-09-11_100724/config.yml,116446,False,False,True,stopped_before_goal,0.0013136927736923099,official GSplatLoader.query_distance safety h value; not meters,0.19347972984861803,0.7842325773112758,0.6324994701146047,0.6324994701146047,104,104,0.0357304979653026,0.03852886259555816,0.9903846153846154,0.06545803620390994,0.08727269619703293,295.08653846153845,540.9499999999997,0,5.51785159483552,,strict stopped-motion goal condition from run.py; stopped_before_goal remains success=False
G_budget2000_near008_geometry,2000,0.08,risk_v1_geometry,stonehenge,risk_aware_v1_pre_cbf,3,outputs/stonehenge/splatfacto/2024-09-11_100724/config.yml,116446,False,False,True,stopped_before_goal,0.0008008615113794804,official GSplatLoader.query_distance safety h value; not meters,0.22796674574393724,0.7842277798056816,0.6054499249213874,0.6054499249213874,123,123,0.036352319309745376,0.040741632319986815,0.991869918699187,0.06581280356947398,0.0878601223230362,349.0569105691057,657.7999999999995,0,6.634363312274218,,strict stopped-motion goal condition from run.py; stopped_before_goal remains success=False
G_budget2000_near008_geometry,2000,0.08,risk_v1_geometry,stonehenge,risk_aware_v1_pre_cbf,4,outputs/stonehenge/splatfacto/2024-09-11_100724/config.yml,116446,False,False,True,stopped_before_goal,0.000838529085740447,official GSplatLoader.query_distance safety h value; not meters,0.819616646662365,0.784082025527739,0.14143534505645874,0.14143534505645874,357,357,0.03658813813633444,0.039619893208146094,0.9439775910364145,0.03918884664926572,0.07863824814558029,239.00840336134453,530.0,0,19.326893363147974,,strict stopped-motion goal condition from run.py; stopped_before_goal remains success=False
G_budget2000_near008_geometry,2000,0.08,risk_v1_geometry,stonehenge,risk_aware_v1_pre_cbf,5,outputs/stonehenge/splatfacto/2024-09-11_100724/config.yml,116446,False,False,True,stopped_before_goal,0.0007147289579734206,official GSplatLoader.query_distance safety h value; not meters,0.291468214955073,0.7840002568014284,0.5554891014271972,0.5554891014271972,170,170,0.036412585647228886,0.038728201854974026,0.9588235294117647,0.06462932360046285,0.0978928729891777,381.16470588235296,565.0,0,9.162764023989439,,strict stopped-motion goal condition from run.py; stopped_before_goal remains success=False
G_budget2000_near008_geometry,2000,0.08,risk_v1_geometry,stonehenge,risk_aware_v1_pre_cbf,6,outputs/stonehenge/splatfacto/2024-09-11_100724/config.yml,116446,False,False,True,stopped_before_goal,0.0005385838449001312,official GSplatLoader.query_distance safety h value; not meters,0.5703960814766261,0.7840974736682284,0.3368513471921489,0.3368513471921489,243,243,0.03600441866052249,0.038141746819019315,0.9218106995884774,0.05751680531268924,0.1121610477566719,240.20987654320987,357.6999999999995,0,12.978227565065026,,strict stopped-motion goal condition from run.py; stopped_before_goal remains success=False
G_budget2000_near008_geometry,2000,0.08,risk_v1_geometry,stonehenge,risk_aware_v1_pre_cbf,7,outputs/stonehenge/splatfacto/2024-09-11_100724/config.yml,116446,False,False,True,stopped_before_goal,0.000874209450557828,official GSplatLoader.query_distance safety h value; not meters,0.5912355676463673,0.7842369518727405,0.3205681724630039,0.3205681724630039,225,225,0.03603944871988561,0.03847209326922894,0.8933333333333333,0.047559674913786536,0.08738937973976135,237.10222222222222,388.0,0,12.001162046566606,,strict stopped-motion goal condition from run.py; stopped_before_goal remains success=False
G_budget2000_near008_geometry,2000,0.08,risk_v1_geometry,stonehenge,risk_aware_v1_pre_cbf,8,outputs/stonehenge/splatfacto/2024-09-11_100724/config.yml,116446,False,False,True,stopped_before_goal,0.0006320524262264371,official GSplatLoader.query_distance safety h value; not meters,0.8225472634112168,0.7842225786662452,0.13916244267903752,0.13916244267903752,331,331,0.03634253460519984,0.03913388308137655,0.9274924471299094,0.04766107421321072,0.08338262140750885,222.74320241691842,371.0,0,17.772013934329152,,strict stopped-motion goal condition from run.py; stopped_before_goal remains success=False
G_budget2000_near008_geometry,2000,0.08,risk_v1_geometry,stonehenge,risk_aware_v1_pre_cbf,9,outputs/stonehenge/splatfacto/2024-09-11_100724/config.yml,116446,False,False,True,stopped_before_goal,0.0011710308026522398,official GSplatLoader.query_distance safety h value; not meters,0.7953933338982863,0.7840745608661205,0.16042688187398207,0.16042688187398207,303,303,0.03629160465875474,0.039449932798743245,0.9075907590759076,0.04676627600660257,0.09014105051755905,243.25412541254124,407.0,0,16.243371767923236,,strict stopped-motion goal condition from run.py; stopped_before_goal remains success=False
G_budget2000_near008_geometry,2000,0.08,risk_v1_geometry,stonehenge,risk_aware_v1_pre_cbf,10,outputs/stonehenge/splatfacto/2024-09-11_100724/config.yml,116446,False,False,True,stopped_before_goal,0.0005090693011879921,official GSplatLoader.query_distance safety h value; not meters,0.666969936162392,0.7840010261711613,0.26109591179453207,0.26109591179453207,264,264,0.036093046980430234,0.03976769773289561,0.9772727272727273,0.06885046471714595,0.11730299890041351,259.5378787878788,418.5999999999999,0,14.14860463514924,,strict stopped-motion goal condition from run.py; stopped_before_goal remains success=False
G_budget2000_near008_geometry,2000,0.08,risk_v1_geometry,stonehenge,risk_aware_v1_pre_cbf,11,outputs/stonehenge/splatfacto/2024-09-11_100724/config.yml,116446,False,False,True,stopped_before_goal,0.00046902571921236813,official GSplatLoader.query_distance safety h value; not meters,0.8285144651718557,0.7841053949339123,0.13446273301187525,0.13446273301187525,346,346,0.03699385094311024,0.041049502324312925,0.9942196531791907,0.0742717904444025,0.1162731945514679,281.82947976878614,439.75,0,19.04303601011634,,strict stopped-motion goal condition from run.py; stopped_before_goal remains success=False
G_budget2000_near008_geometry,2000,0.08,risk_v1_geometry,stonehenge,risk_aware_v1_pre_cbf,12,outputs/stonehenge/splatfacto/2024-09-11_100724/config.yml,116446,False,False,True,stopped_before_goal,0.00033367317519150674,official GSplatLoader.query_distance safety h value; not meters,0.8350878095564164,0.7842408858824762,0.12933088232629558,0.12933088232629558,364,364,0.03695819341669698,0.04196157865226269,0.9972527472527473,0.07873182724103597,0.11821987479925156,301.68131868131866,570.9499999999998,0,19.762274965643883,,strict stopped-motion goal condition from run.py; stopped_before_goal remains success=False
G_budget2000_near008_geometry,2000,0.08,risk_v1_geometry,stonehenge,risk_aware_v1_pre_cbf,13,outputs/stonehenge/splatfacto/2024-09-11_100724/config.yml,116446,False,False,True,stopped_before_goal,0.0007767596980556846,official GSplatLoader.query_distance safety h value; not meters,0.24637738189676167,0.7842169948283072,0.5910036648035626,0.5910036648035626,123,123,0.035713297655669655,0.03945914600044488,1.0,0.09082942089535356,0.1130853220820427,352.9024390243902,643.1999999999998,0,6.446334481239319,,strict stopped-motion goal condition from run.py; stopped_before_goal remains success=False
G_budget2000_near008_geometry,2000,0.08,risk_v1_geometry,stonehenge,risk_aware_v1_pre_cbf,14,outputs/stonehenge/splatfacto/2024-09-11_100724/config.yml,116446,False,False,True,stopped_before_goal,0.0010722634615376592,official GSplatLoader.query_distance safety h value; not meters,0.24924553097973762,0.7840673094735207,0.5886420365999387,0.5886420365999387,115,115,0.035566522100049514,0.03771411199122667,0.991304347826087,0.0790800161597733,0.11641155183315277,292.90434782608696,412.7,0,6.01182015798986,,strict stopped-motion goal condition from run.py; stopped_before_goal remains success=False
G_budget2000_near008_geometry,2000,0.08,risk_v1_geometry,stonehenge,risk_aware_v1_pre_cbf,15,outputs/stonehenge/splatfacto/2024-09-11_100724/config.yml,116446,False,False,True,stopped_before_goal,0.0005723289214074612,official GSplatLoader.query_distance safety h value; not meters,0.25073193855695625,0.7840023050097159,0.5874278872415077,0.5874278872415077,128,128,0.03578362276311964,0.03713973117992282,0.984375,0.08018666302523102,0.11611973494291306,316.3046875,405.95,0,6.735910886898637,,strict stopped-motion goal condition from run.py; stopped_before_goal remains success=False
G_budget2000_near008_geometry,2000,0.08,risk_v1_geometry,stonehenge,risk_aware_v1_pre_cbf,16,outputs/stonehenge/splatfacto/2024-09-11_100724/config.yml,116446,False,False,True,stopped_before_goal,0.0010280694114044309,official GSplatLoader.query_distance safety h value; not meters,0.048988729643191606,0.7841134052928949,0.7457006856713989,0.7457006856713989,39,39,0.03534232848920883,0.03696117158979177,0.9487179487179487,0.09343978431923425,0.12002342194318771,319.5128205128205,405.70000000000005,0,2.0284793972969055,,strict stopped-motion goal condition from run.py; stopped_before_goal remains success=False
G_budget2000_near008_geometry,2000,0.08,risk_v1_geometry,stonehenge,risk_aware_v1_pre_cbf,17,outputs/stonehenge/splatfacto/2024-09-11_100724/config.yml,116446,False,False,True,stopped_before_goal,0.0004925734829157591,official GSplatLoader.query_distance safety h value; not meters,0.9916430048389855,0.7842443635063541,0.006553926350875512,0.0006158793619378364,446,465,0.03725718560638607,0.04532854445278644,0.7010752688172043,0.041445223476595454,0.10919448733329773,357.6774193548387,716.0,0,25.217508785426617,,strict stopped-motion goal condition from run.py; stopped_before_goal remains success=False
G_budget2000_near008_geometry,2000,0.08,risk_v1_geometry,stonehenge,risk_aware_v1_pre_cbf,18,outputs/stonehenge/splatfacto/2024-09-11_100724/config.yml,116446,False,False,True,stopped_before_goal,0.0006951885297894478,official GSplatLoader.query_distance safety h value; not meters,0.9912444817386515,0.7842110507680883,0.006866174175751254,0.0003226852610768305,393,411,0.03738408600073081,0.045083146542310715,0.5815085158150851,0.027978228866583906,0.10335343331098557,369.9951338199513,669.0,0,22.303682973608375,,strict stopped-motion goal condition from run.py; stopped_before_goal remains success=False
G_budget2000_near008_geometry,2000,0.08,risk_v1_geometry,stonehenge,risk_aware_v1_pre_cbf,19,outputs/stonehenge/splatfacto/2024-09-11_100724/config.yml,116446,False,False,True,stopped_before_goal,0.0007774989353492856,official GSplatLoader.query_distance safety h value; not meters,0.9916562443032274,0.7840603005550516,0.006542007599369384,0.0005455243608589394,386,405,0.038773436389035645,0.046275780349969854,0.5851851851851851,0.02493433109870656,0.09945706278085709,395.78765432098766,671.0,0,22.534954730421305,,strict stopped-motion goal condition from run.py; stopped_before_goal remains success=False
