scene,method,trial,checkpoint,gaussian_count,success,collision,collision_free,stop_reason,min_safety_h,min_safety_h_note,goal_distance_reduction_ratio,initial_goal_distance,final_goal_distance,closest_goal_distance,closest_goal_step,num_steps,runtime_mean,runtime_p95,intervention_rate,control_deviation_mean,control_deviation_max,active_constraints_mean,active_constraints_p95,qp_infeasible_count,seconds_total,error,success_definition,ablation_id,topk,h_critical,risk_score
stonehenge,risk_aware_topk_v0,0,outputs/stonehenge/splatfacto/2024-09-11_100724/config.yml,116446,False,False,True,stopped_before_goal,0.0008511253399774,official GSplatLoader.query_distance safety h value; not meters,0.8150653908719986,0.784,0.1449887335563531,0.1449887335563531,325,325,0.0619271764846948,0.0715320885181427,0.9046153846153846,0.025066754654983,0.0749242007732391,149.96,150.0,0,25.889388101175427,,strict stopped-motion goal condition from run.py; stopped_before_goal remains success=False,A_topk150_h0006_hybrid,150,0.0006,risk_v2_hybrid
stonehenge,risk_aware_topk_v0,1,outputs/stonehenge/splatfacto/2024-09-11_100724/config.yml,116446,False,False,True,stopped_before_goal,0.0008074630750343,official GSplatLoader.query_distance safety h value; not meters,0.1968871825999028,0.7840896733951637,0.6297124666947119,0.6297124666947119,114,114,0.0572672490553374,0.0650010450743138,0.9824561403508772,0.0670921005188748,0.106062151491642,152.82456140350877,152.44999999999996,0,8.536730071529746,,strict stopped-motion goal condition from run.py; stopped_before_goal remains success=False,A_topk150_h0006_hybrid,150,0.0006,risk_v2_hybrid
stonehenge,risk_aware_topk_v0,2,outputs/stonehenge/splatfacto/2024-09-11_100724/config.yml,116446,False,False,True,stopped_before_goal,0.0013136973138898,official GSplatLoader.query_distance safety h value; not meters,0.1934797872029867,0.7842325773112758,0.6324994251354403,0.6324994251354403,104,104,0.0582259566917155,0.0661843510344624,0.9903846153846154,0.0654580372860297,0.0872726887464523,167.96153846153845,292.8999999999998,0,7.885913772508502,,strict stopped-motion goal condition from run.py; stopped_before_goal remains success=False,A_topk150_h0006_hybrid,150,0.0006,risk_v2_hybrid
stonehenge,risk_aware_topk_v0,3,outputs/stonehenge/splatfacto/2024-09-11_100724/config.yml,116446,False,False,True,stopped_before_goal,0.0008011079626157,official GSplatLoader.query_distance safety h value; not meters,0.2279751580060767,0.7842277798056816,0.6054433277917266,0.6054433277917266,123,123,0.0596098812463564,0.0700723055750131,0.991869918699187,0.0658103295117313,0.0878883600234985,185.1951219512195,423.6999999999997,0,9.50974659062922,,strict stopped-motion goal condition from run.py; stopped_before_goal remains success=False,A_topk150_h0006_hybrid,150,0.0006,risk_v2_hybrid
stonehenge,risk_aware_topk_v0,4,outputs/stonehenge/splatfacto/2024-09-11_100724/config.yml,116446,False,False,True,stopped_before_goal,0.0008385842666029,official GSplatLoader.query_distance safety h value; not meters,0.819310202131591,0.784082025527739,0.1416756227048598,0.1416756227048598,357,357,0.0596728234001401,0.0670968186110258,0.9523809523809524,0.039236020558759,0.0786385908722877,160.1484593837535,150.0,0,27.590017527341843,,strict stopped-motion goal condition from run.py; stopped_before_goal remains success=False,A_topk150_h0006_hybrid,150,0.0006,risk_v2_hybrid
stonehenge,risk_aware_topk_v0,5,outputs/stonehenge/splatfacto/2024-09-11_100724/config.yml,116446,False,False,True,stopped_before_goal,0.0007147197611629,official GSplatLoader.query_distance safety h value; not meters,0.2914672412966293,0.7840002568014284,0.5554898647756671,0.5554898647756671,170,170,0.0606133488938212,0.0656478080898523,0.9588235294117649,0.0646292342569354,0.0978933721780777,156.98823529411766,157.39999999999986,0,13.30734665878117,,strict stopped-motion goal condition from run.py; stopped_before_goal remains success=False,A_topk150_h0006_hybrid,150,0.0006,risk_v2_hybrid
stonehenge,risk_aware_topk_v0,6,outputs/stonehenge/splatfacto/2024-09-11_100724/config.yml,116446,False,False,True,stopped_before_goal,0.0005385844269767,official GSplatLoader.query_distance safety h value; not meters,0.5703916685582721,0.7840974736682284,0.3368548073502818,0.3368548073502818,243,243,0.0602158440637245,0.0667460467666387,0.9218106995884774,0.0575190038203437,0.1121610552072525,150.2880658436214,150.0,0,18.920725025236607,,strict stopped-motion goal condition from run.py; stopped_before_goal remains success=False,A_topk150_h0006_hybrid,150,0.0006,risk_v2_hybrid
stonehenge,risk_aware_topk_v0,7,outputs/stonehenge/splatfacto/2024-09-11_100724/config.yml,116446,False,False,True,stopped_before_goal,0.0008742116624489,official GSplatLoader.query_distance safety h value; not meters,0.5912355117793108,0.7842369518727405,0.320568216276014,0.320568216276014,225,225,0.0594459903902477,0.0661244738847017,0.8933333333333333,0.0475596810842849,0.0873894989490509,151.09333333333333,150.0,0,17.34213387966156,,strict stopped-motion goal condition from run.py; stopped_before_goal remains success=False,A_topk150_h0006_hybrid,150,0.0006,risk_v2_hybrid
stonehenge,risk_aware_topk_v0,8,outputs/stonehenge/splatfacto/2024-09-11_100724/config.yml,116446,False,False,True,stopped_before_goal,0.0006320527754724,official GSplatLoader.query_distance safety h value; not meters,0.8225472254766919,0.7842225786662452,0.1391624724281485,0.1391624724281485,331,331,0.0591798120113568,0.0676013706251978,0.9274924471299094,0.0476610935858701,0.083382599055767,150.5287009063444,150.0,0,25.47927684523165,,strict stopped-motion goal condition from run.py; stopped_before_goal remains success=False,A_topk150_h0006_hybrid,150,0.0006,risk_v2_hybrid
stonehenge,risk_aware_topk_v0,9,outputs/stonehenge/splatfacto/2024-09-11_100724/config.yml,116446,False,False,True,stopped_before_goal,0.0011710417456924,official GSplatLoader.query_distance safety h value; not meters,0.7953132236794582,0.7840745608661205,0.1604896942586306,0.1604896942586306,303,303,0.0602040270054497,0.0701660353690385,0.9075907590759076,0.0467730885919297,0.090141050517559,150.2013201320132,150.0,0,23.590118596330285,,strict stopped-motion goal condition from run.py; stopped_before_goal remains success=False,A_topk150_h0006_hybrid,150,0.0006,risk_v2_hybrid
stonehenge,risk_aware_topk_v0,10,outputs/stonehenge/splatfacto/2024-09-11_100724/config.yml,116446,False,False,True,stopped_before_goal,0.0005337559850886,official GSplatLoader.query_distance safety h value; not meters,0.6659031459153416,0.7840010261711613,0.261932276442929,0.261932276442929,262,262,0.0608246538731205,0.068305670004338,0.9770992366412212,0.068492263876967,0.1166440472006797,156.65648854961833,150.0,0,20.53877344727516,,strict stopped-motion goal condition from run.py; stopped_before_goal remains success=False,A_topk150_h0006_hybrid,150,0.0006,risk_v2_hybrid
stonehenge,risk_aware_topk_v0,11,outputs/stonehenge/splatfacto/2024-09-11_100724/config.yml,116446,False,False,True,stopped_before_goal,0.0004690187925007,official GSplatLoader.query_distance safety h value; not meters,0.8293976092040773,0.7841053949339123,0.1337702550117066,0.1337702550117066,347,347,0.0597234368324279,0.0673729788511991,0.9942363112391932,0.0744193361160957,0.1168820261955261,158.94524495677234,166.39999999999998,0,26.75305861607194,,strict stopped-motion goal condition from run.py; stopped_before_goal remains success=False,A_topk150_h0006_hybrid,150,0.0006,risk_v2_hybrid
stonehenge,risk_aware_topk_v0,12,outputs/stonehenge/splatfacto/2024-09-11_100724/config.yml,116446,False,False,True,stopped_before_goal,0.000333671545377,official GSplatLoader.query_distance safety h value; not meters,0.835087844491923,0.7842408858824762,0.1293308549284429,0.1293308549284429,364,364,0.0606454963703731,0.0713475528173148,0.9972527472527472,0.0787318010526212,0.1182199344038963,162.6401098901099,214.94999999999976,0,28.473570074886084,,strict stopped-motion goal condition from run.py; stopped_before_goal remains success=False,A_topk150_h0006_hybrid,150,0.0006,risk_v2_hybrid
stonehenge,risk_aware_topk_v0,13,outputs/stonehenge/splatfacto/2024-09-11_100724/config.yml,116446,False,False,True,stopped_before_goal,0.0007767628412693,official GSplatLoader.query_distance safety h value; not meters,0.2463782860007004,0.7842169948283072,0.5910029557898887,0.5910029557898887,123,123,0.0622527115652716,0.0749660659581422,1.0,0.0908293574442708,0.1130841895937919,164.16260162601623,242.6,0,9.81180427595973,,strict stopped-motion goal condition from run.py; stopped_before_goal remains success=False,A_topk150_h0006_hybrid,150,0.0006,risk_v2_hybrid
stonehenge,risk_aware_topk_v0,14,outputs/stonehenge/splatfacto/2024-09-11_100724/config.yml,116446,False,False,True,stopped_before_goal,0.0010722744045779,official GSplatLoader.query_distance safety h value; not meters,0.2492456332741461,0.7840673094735207,0.5886419563942371,0.5886419563942371,115,115,0.0593406633190486,0.0637802699580788,0.991304347826087,0.0790800869849315,0.1164115965366363,150.0,150.0,0,8.839457150548697,,strict stopped-motion goal condition from run.py; stopped_before_goal remains success=False,A_topk150_h0006_hybrid,150,0.0006,risk_v2_hybrid
stonehenge,risk_aware_topk_v0,15,outputs/stonehenge/splatfacto/2024-09-11_100724/config.yml,116446,False,False,True,stopped_before_goal,0.0005745131056755,official GSplatLoader.query_distance safety h value; not meters,0.2508648649169507,0.7840023050097159,0.5873236726688755,0.5873236726688755,128,128,0.0592896774760447,0.0702262762002647,0.984375,0.0802139530629605,0.1161788925528526,150.015625,150.0,0,9.840206816792488,,strict stopped-motion goal condition from run.py; stopped_before_goal remains success=False,A_topk150_h0006_hybrid,150,0.0006,risk_v2_hybrid
stonehenge,risk_aware_topk_v0,16,outputs/stonehenge/splatfacto/2024-09-11_100724/config.yml,116446,False,False,True,stopped_before_goal,0.001028062775731,official GSplatLoader.query_distance safety h value; not meters,0.0489888086567331,0.7841134052928949,0.7457006237158218,0.7457006237158218,39,39,0.0664613496703215,0.0848142623901367,0.9487179487179488,0.0934398724464999,0.1200236082077026,150.0,150.0,0,3.2834156565368176,,strict stopped-motion goal condition from run.py; stopped_before_goal remains success=False,A_topk150_h0006_hybrid,150,0.0006,risk_v2_hybrid
stonehenge,risk_aware_topk_v0,17,outputs/stonehenge/splatfacto/2024-09-11_100724/config.yml,116446,False,False,True,stopped_before_goal,0.0004926064284518,official GSplatLoader.query_distance safety h value; not meters,0.9915573165470536,0.7842443635063541,0.0066211269108416,0.0008248954676328,446,465,0.0592618917425473,0.0696358282119035,0.7053763440860215,0.0415017802771897,0.1091944500803947,157.09462365591398,181.5999999999999,0,35.71985854022205,,strict stopped-motion goal condition from run.py; stopped_before_goal remains success=False,A_topk150_h0006_hybrid,150,0.0006,risk_v2_hybrid
stonehenge,risk_aware_topk_v0,18,outputs/stonehenge/splatfacto/2024-09-11_100724/config.yml,116446,False,False,True,stopped_before_goal,0.000692875823006,official GSplatLoader.query_distance safety h value; not meters,0.9912523863845818,0.7842110507680883,0.0068599752650602,0.0003385734579037,393,411,0.059272970351642,0.0665493011474609,0.5888077858880778,0.0280539058316656,0.1033527106046676,157.97810218978103,235.5,0,31.5456679854542,,strict stopped-motion goal condition from run.py; stopped_before_goal remains success=False,A_topk150_h0006_hybrid,150,0.0006,risk_v2_hybrid
stonehenge,risk_aware_topk_v0,19,outputs/stonehenge/splatfacto/2024-09-11_100724/config.yml,116446,False,False,True,stopped_before_goal,0.0007741814479231,official GSplatLoader.query_distance safety h value; not meters,0.9914759305438964,0.7840603005550516,0.0066833844597046,0.0007840745696535,386,404,0.0599347216925482,0.0677550852298736,0.5272277227722773,0.0247665041226604,0.0994571521878242,153.60148514851485,167.69999999999993,0,31.347101040184494,,strict stopped-motion goal condition from run.py; stopped_before_goal remains success=False,A_topk150_h0006_hybrid,150,0.0006,risk_v2_hybrid
stonehenge,risk_aware_topk_v0,0,outputs/stonehenge/splatfacto/2024-09-11_100724/config.yml,116446,False,False,True,stopped_before_goal,0.0008511265041306,official GSplatLoader.query_distance safety h value; not meters,0.8150653908712976,0.784,0.1449887335569026,0.1449887335569026,325,325,0.0607523046261989,0.0696595605462789,0.9046153846153846,0.0250667638247636,0.0749241933226585,271.87384615384616,300.0,0,25.414911795407534,,strict stopped-motion goal condition from run.py; stopped_before_goal remains success=False,B_topk300_h0006_hybrid,300,0.0006,risk_v2_hybrid
stonehenge,risk_aware_topk_v0,1,outputs/stonehenge/splatfacto/2024-09-11_100724/config.yml,116446,False,False,True,stopped_before_goal,0.0008069268660619,official GSplatLoader.query_distance safety h value; not meters,0.1968796597737554,0.7840896733951637,0.6297183652650088,0.6297183652650088,114,114,0.0604701235955744,0.0682555447332561,0.9824561403508772,0.067082471717309,0.1060621291399002,265.4824561403509,300.0,0,9.11385341733694,,strict stopped-motion goal condition from run.py; stopped_before_goal remains success=False,B_topk300_h0006_hybrid,300,0.0006,risk_v2_hybrid
stonehenge,risk_aware_topk_v0,2,outputs/stonehenge/splatfacto/2024-09-11_100724/config.yml,116446,False,False,True,stopped_before_goal,0.0013136969646438,official GSplatLoader.query_distance safety h value; not meters,0.1934798060264695,0.7842325773112758,0.6324994103734519,0.6324994103734519,104,104,0.0605856356067726,0.0737521386705339,0.9903846153846154,0.0654580473514775,0.0872726887464523,295.7980769230769,300.0,0,8.242181280627847,,strict stopped-motion goal condition from run.py; stopped_before_goal remains success=False,B_topk300_h0006_hybrid,300,0.0006,risk_v2_hybrid
stonehenge,risk_aware_topk_v0,3,outputs/stonehenge/splatfacto/2024-09-11_100724/config.yml,116446,False,False,True,stopped_before_goal,0.0008008611621335,official GSplatLoader.query_distance safety h value; not meters,0.2279667459204304,0.7842277798056816,0.6054499247829765,0.6054499247829765,123,123,0.05898702456578,0.0685711342841386,0.991869918699187,0.0658127882941891,0.0878600925207138,316.0487804878049,423.6999999999997,0,9.37279937788844,,strict stopped-motion goal condition from run.py; stopped_before_goal remains success=False,B_topk300_h0006_hybrid,300,0.0006,risk_v2_hybrid
stonehenge,risk_aware_topk_v0,4,outputs/stonehenge/splatfacto/2024-09-11_100724/config.yml,116446,False,False,True,stopped_before_goal,0.0008385840337723,official GSplatLoader.query_distance safety h value; not meters,0.8193101644339005,0.784082025527739,0.1416756522629414,0.1416756522629414,357,357,0.0592618826046293,0.0661470778286457,0.9523809523809524,0.039236022174463,0.0786383524537086,261.7422969187675,300.0,0,27.21283737011254,,strict stopped-motion goal condition from run.py; stopped_before_goal remains success=False,B_topk300_h0006_hybrid,300,0.0006,risk_v2_hybrid
stonehenge,risk_aware_topk_v0,5,outputs/stonehenge/splatfacto/2024-09-11_100724/config.yml,116446,False,False,True,stopped_before_goal,0.0007147254655137,official GSplatLoader.query_distance safety h value; not meters,0.2914677467627995,0.7840002568014284,0.5554894684900599,0.5554894684900599,170,170,0.060923032122938,0.0655138982459902,0.9588235294117649,0.0646292499785652,0.0978932082653045,301.1058823529412,300.0,0,13.29515702649951,,strict stopped-motion goal condition from run.py; stopped_before_goal remains success=False,B_topk300_h0006_hybrid,300,0.0006,risk_v2_hybrid
stonehenge,risk_aware_topk_v0,6,outputs/stonehenge/splatfacto/2024-09-11_100724/config.yml,116446,False,False,True,stopped_before_goal,0.0005385840777307,official GSplatLoader.query_distance safety h value; not meters,0.5703917540879537,0.7840974736682284,0.3368547402866744,0.3368547402866744,243,243,0.0599141347034232,0.0666386378929018,0.9218106995884774,0.0575189385038907,0.1121610328555107,278.77366255144034,300.0,0,18.73923697695136,,strict stopped-motion goal condition from run.py; stopped_before_goal remains success=False,B_topk300_h0006_hybrid,300,0.0006,risk_v2_hybrid
stonehenge,risk_aware_topk_v0,7,outputs/stonehenge/splatfacto/2024-09-11_100724/config.yml,116446,False,False,True,stopped_before_goal,0.0008742081699892,official GSplatLoader.query_distance safety h value; not meters,0.5912356048862837,0.7842369518727405,0.3205681432580854,0.3205681432580854,225,225,0.0592052755753199,0.0669106245040893,0.8933333333333333,0.0475596611162659,0.0873894542455673,285.0,300.0,0,17.179509861394763,,strict stopped-motion goal condition from run.py; stopped_before_goal remains success=False,B_topk300_h0006_hybrid,300,0.0006,risk_v2_hybrid
stonehenge,risk_aware_topk_v0,8,outputs/stonehenge/splatfacto/2024-09-11_100724/config.yml,116446,False,False,True,stopped_before_goal,0.0006320523098111,official GSplatLoader.query_distance safety h value; not meters,0.8225472634165214,0.7842225786662452,0.1391624426748774,0.1391624426748774,331,331,0.0588497853418671,0.0670922268182039,0.9274924471299094,0.0476610633905531,0.0833826214075088,281.17220543806644,300.0,0,25.2552557438612,,strict stopped-motion goal condition from run.py; stopped_before_goal remains success=False,B_topk300_h0006_hybrid,300,0.0006,risk_v2_hybrid
stonehenge,risk_aware_topk_v0,9,outputs/stonehenge/splatfacto/2024-09-11_100724/config.yml,116446,False,False,True,stopped_before_goal,0.0011710356920957,official GSplatLoader.query_distance safety h value; not meters,0.7953131100700855,0.7840745608661205,0.1604897833368495,0.1604897833368495,303,303,0.059603975870625,0.0684052677825093,0.9075907590759076,0.0467731373617096,0.0901410728693008,292.87458745874585,300.0,0,23.34510834887624,,strict stopped-motion goal condition from run.py; stopped_before_goal remains success=False,B_topk300_h0006_hybrid,300,0.0006,risk_v2_hybrid
stonehenge,risk_aware_topk_v0,10,outputs/stonehenge/splatfacto/2024-09-11_100724/config.yml,116446,False,False,True,stopped_before_goal,0.0005090673221275,official GSplatLoader.query_distance safety h value; not meters,0.6669695983256049,0.7840010261711613,0.2610961766589197,0.2610961766589197,264,264,0.0619686712708437,0.0698083787225186,0.9772727272727272,0.0688504857505999,0.1173029616475105,297.1401515151515,300.0,0,21.0681378338486,,strict stopped-motion goal condition from run.py; stopped_before_goal remains success=False,B_topk300_h0006_hybrid,300,0.0006,risk_v2_hybrid
stonehenge,risk_aware_topk_v0,11,outputs/stonehenge/splatfacto/2024-09-11_100724/config.yml,116446,False,False,True,stopped_before_goal,0.0004690191417466,official GSplatLoader.query_distance safety h value; not meters,0.8285142106522013,0.7841053949339123,0.1344629325821094,0.1344629325821094,346,346,0.0609525470332258,0.0695687644183635,0.9942196531791908,0.0742716520579271,0.1162729710340499,296.0086705202312,300.0,0,27.209590408951044,,strict stopped-motion goal condition from run.py; stopped_before_goal remains success=False,B_topk300_h0006_hybrid,300,0.0006,risk_v2_hybrid
stonehenge,risk_aware_topk_v0,12,outputs/stonehenge/splatfacto/2024-09-11_100724/config.yml,116446,False,False,True,stopped_before_goal,0.000333671021508,official GSplatLoader.query_distance safety h value; not meters,0.8350880412070852,0.7842408858824762,0.1293307006563698,0.1293307006563698,364,364,0.0606875066737552,0.0686627335846424,0.9972527472527472,0.0787318360028036,0.1182200834155082,291.63461538461536,300.0,0,28.48135166615248,,strict stopped-motion goal condition from run.py; stopped_before_goal remains success=False,B_topk300_h0006_hybrid,300,0.0006,risk_v2_hybrid
stonehenge,risk_aware_topk_v0,13,outputs/stonehenge/splatfacto/2024-09-11_100724/config.yml,116446,False,False,True,stopped_before_goal,0.0007767635397613,official GSplatLoader.query_distance safety h value; not meters,0.2463776721769021,0.7842169948283072,0.5910034371609432,0.5910034371609432,123,123,0.0631577129347053,0.0771363290026783,1.0,0.090829424030049,0.1130848228931427,300.0,300.0,0,9.932769818231463,,strict stopped-motion goal condition from run.py; stopped_before_goal remains success=False,B_topk300_h0006_hybrid,300,0.0006,risk_v2_hybrid
stonehenge,risk_aware_topk_v0,14,outputs/stonehenge/splatfacto/2024-09-11_100724/config.yml,116446,False,False,True,stopped_before_goal,0.00107227335684,official GSplatLoader.query_distance safety h value; not meters,0.2492455157765304,0.7840673094735207,0.5886420485202765,0.5886420485202765,115,115,0.060536032591177,0.06600351203233,0.991304347826087,0.0790800076220439,0.1164115145802497,300.0,300.0,0,8.995621806010604,,strict stopped-motion goal condition from run.py; stopped_before_goal remains success=False,B_topk300_h0006_hybrid,300,0.0006,risk_v2_hybrid
stonehenge,risk_aware_topk_v0,15,outputs/stonehenge/splatfacto/2024-09-11_100724/config.yml,116446,False,False,True,stopped_before_goal,0.0005725261289626,official GSplatLoader.query_distance safety h value; not meters,0.2507397534825217,0.7840023050097159,0.5874217603218509,0.5874217603218509,128,128,0.0602382469951408,0.0713969645090401,0.984375,0.080190426558056,0.1161310374736785,300.0,300.0,0,9.977181514725087,,strict stopped-motion goal condition from run.py; stopped_before_goal remains success=False,B_topk300_h0006_hybrid,300,0.0006,risk_v2_hybrid
stonehenge,risk_aware_topk_v0,16,outputs/stonehenge/splatfacto/2024-09-11_100724/config.yml,116446,False,False,True,stopped_before_goal,0.001028063124977,official GSplatLoader.query_distance safety h value; not meters,0.048988903250815,0.7841134052928949,0.7457005495433341,0.7457005495433341,39,39,0.0669532717707065,0.0840336224064231,0.9487179487179488,0.0934398496231265,0.1200235858559608,300.0,300.0,0,3.302593471482396,,strict stopped-motion goal condition from run.py; stopped_before_goal remains success=False,B_topk300_h0006_hybrid,300,0.0006,risk_v2_hybrid
stonehenge,risk_aware_topk_v0,17,outputs/stonehenge/splatfacto/2024-09-11_100724/config.yml,116446,False,False,True,stopped_before_goal,0.0004922648658975,official GSplatLoader.query_distance safety h value; not meters,0.991446698648178,0.7842443635063541,0.0067078783745377,0.000669316177895,447,465,0.0594312792904274,0.0688750836998224,0.7182795698924731,0.0415409137788689,0.1091944798827171,285.7978494623656,300.0,0,35.78366460837424,,strict stopped-motion goal condition from run.py; stopped_before_goal remains success=False,B_topk300_h0006_hybrid,300,0.0006,risk_v2_hybrid
stonehenge,risk_aware_topk_v0,18,outputs/stonehenge/splatfacto/2024-09-11_100724/config.yml,116446,False,False,True,stopped_before_goal,0.0006928707007318,official GSplatLoader.query_distance safety h value; not meters,0.9912523863845818,0.7842110507680883,0.0068599752650602,0.0003384072316229,393,411,0.0604231000363536,0.0678277406841516,0.5888077858880778,0.0280540672870803,0.1033530384302139,283.47688564476886,300.0,0,32.08794513344765,,strict stopped-motion goal condition from run.py; stopped_before_goal remains success=False,B_topk300_h0006_hybrid,300,0.0006,risk_v2_hybrid
stonehenge,risk_aware_topk_v0,19,outputs/stonehenge/splatfacto/2024-09-11_100724/config.yml,116446,False,False,True,stopped_before_goal,0.0007741636363789,official GSplatLoader.query_distance safety h value; not meters,0.991600749915772,0.7840603005550516,0.0065855185454769,0.0006789314082256,386,405,0.0598346950095376,0.0670376297086477,0.5901234567901235,0.0249675163272211,0.0994569584727287,287.3259259259259,300.0,0,31.378405656665564,,strict stopped-motion goal condition from run.py; stopped_before_goal remains success=False,B_topk300_h0006_hybrid,300,0.0006,risk_v2_hybrid
stonehenge,risk_aware_topk_v0,0,outputs/stonehenge/splatfacto/2024-09-11_100724/config.yml,116446,False,False,True,stopped_before_goal,0.0008511263877153,official GSplatLoader.query_distance safety h value; not meters,0.8150653908716482,0.784,0.1449887335566278,0.1449887335566278,325,325,0.0598670050559135,0.0698683984577655,0.9046153846153846,0.0250667612623447,0.0749241858720779,311.9846153846154,485.0,0,25.02580943144858,,strict stopped-motion goal condition from run.py; stopped_before_goal remains success=False,C_topk500_h0006_hybrid,500,0.0006,risk_v2_hybrid
stonehenge,risk_aware_topk_v0,1,outputs/stonehenge/splatfacto/2024-09-11_100724/config.yml,116446,False,False,True,stopped_before_goal,0.0008069266332313,official GSplatLoader.query_distance safety h value; not meters,0.1968796597505789,0.7840896733951637,0.6297183652831813,0.6297183652831813,114,114,0.0574760163823763,0.0659815459512174,0.9824561403508772,0.0670824782236626,0.1060621589422226,379.1842105263158,500.0,0,8.553388115018606,,strict stopped-motion goal condition from run.py; stopped_before_goal remains success=False,C_topk500_h0006_hybrid,500,0.0006,risk_v2_hybrid
stonehenge,risk_aware_topk_v0,2,outputs/stonehenge/splatfacto/2024-09-11_100724/config.yml,116446,False,False,True,stopped_before_goal,0.0013136974303051,official GSplatLoader.query_distance safety h value; not meters,0.1934798440280546,0.7842325773112758,0.6324993805713709,0.6324993805713709,104,104,0.0594008941418276,0.0684039955027401,0.9903846153846154,0.0654580577751263,0.0872726961970329,399.11538461538464,500.0,0,7.975650880485773,,strict stopped-motion goal condition from run.py; stopped_before_goal remains success=False,C_topk500_h0006_hybrid,500,0.0006,risk_v2_hybrid
stonehenge,risk_aware_topk_v0,3,outputs/stonehenge/splatfacto/2024-09-11_100724/config.yml,116446,False,False,True,stopped_before_goal,0.0008008623262867,official GSplatLoader.query_distance safety h value; not meters,0.2279667453909505,0.7842277798056816,0.6054499251982094,0.6054499251982094,123,123,0.0595528243821326,0.0735056936740874,0.991869918699187,0.0658128023776036,0.0878601446747779,451.8861788617886,500.0,0,9.441062729805708,,strict stopped-motion goal condition from run.py; stopped_before_goal remains success=False,C_topk500_h0006_hybrid,500,0.0006,risk_v2_hybrid
stonehenge,risk_aware_topk_v0,4,outputs/stonehenge/splatfacto/2024-09-11_100724/config.yml,116446,False,False,True,stopped_before_goal,0.0008385822875425,official GSplatLoader.query_distance safety h value; not meters,0.8193102780640665,0.784082025527739,0.1416755631675707,0.1416755631675707,357,357,0.0595514109300799,0.067886808887124,0.9523809523809524,0.0392359906131059,0.0786382257938385,319.1484593837535,500.0,0,27.355088410899043,,strict stopped-motion goal condition from run.py; stopped_before_goal remains success=False,C_topk500_h0006_hybrid,500,0.0006,risk_v2_hybrid
stonehenge,risk_aware_topk_v0,5,outputs/stonehenge/splatfacto/2024-09-11_100724/config.yml,116446,False,False,True,stopped_before_goal,0.0007147383876144,official GSplatLoader.query_distance safety h value; not meters,0.2914686627062487,0.7840002568014284,0.5554887503901604,0.5554887503901604,170,170,0.0599031333537662,0.0641038256697356,0.9588235294117649,0.0646291617493195,0.0978927686810493,482.88235294117646,500.0,0,13.032839132472873,,strict stopped-motion goal condition from run.py; stopped_before_goal remains success=False,C_topk500_h0006_hybrid,500,0.0006,risk_v2_hybrid
stonehenge,risk_aware_topk_v0,6,outputs/stonehenge/splatfacto/2024-09-11_100724/config.yml,116446,False,False,True,stopped_before_goal,0.000538584543392,official GSplatLoader.query_distance safety h value; not meters,0.5703917731194327,0.7840974736682284,0.3368547253641399,0.3368547253641399,243,243,0.0597772899279255,0.0673984600231051,0.9218106995884774,0.0575189338900521,0.1121610105037689,363.0205761316872,500.0,0,18.645873866975307,,strict stopped-motion goal condition from run.py; stopped_before_goal remains success=False,C_topk500_h0006_hybrid,500,0.0006,risk_v2_hybrid
stonehenge,risk_aware_topk_v0,7,outputs/stonehenge/splatfacto/2024-09-11_100724/config.yml,116446,False,False,True,stopped_before_goal,0.0008742089848965,official GSplatLoader.query_distance safety h value; not meters,0.5912356037205354,0.7842369518727405,0.3205681441723083,0.3205681441723083,225,225,0.0594353024744325,0.0664128184318542,0.8933333333333333,0.0475596555405733,0.0873893797397613,371.88444444444445,500.0,0,17.20514708571136,,strict stopped-motion goal condition from run.py; stopped_before_goal remains success=False,C_topk500_h0006_hybrid,500,0.0006,risk_v2_hybrid
stonehenge,risk_aware_topk_v0,8,outputs/stonehenge/splatfacto/2024-09-11_100724/config.yml,116446,False,False,True,stopped_before_goal,0.0006320518441498,official GSplatLoader.query_distance safety h value; not meters,0.8225472254766919,0.7842225786662452,0.1391624724281485,0.1391624724281485,331,331,0.0585404406850341,0.0661463998258113,0.9274924471299094,0.0476610761179197,0.083382599055767,349.190332326284,500.0,0,24.993834521621466,,strict stopped-motion goal condition from run.py; stopped_before_goal remains success=False,C_topk500_h0006_hybrid,500,0.0006,risk_v2_hybrid
stonehenge,risk_aware_topk_v0,9,outputs/stonehenge/splatfacto/2024-09-11_100724/config.yml,116446,False,False,True,stopped_before_goal,0.001171025680378,official GSplatLoader.query_distance safety h value; not meters,0.7953130337651497,0.7840745608661205,0.1604898431656087,0.1604898431656087,303,303,0.059514852302155,0.0687874294817447,0.9075907590759076,0.046773211188224,0.090141050517559,386.2772277227723,500.0,0,23.151371711865067,,strict stopped-motion goal condition from run.py; stopped_before_goal remains success=False,C_topk500_h0006_hybrid,500,0.0006,risk_v2_hybrid
stonehenge,risk_aware_topk_v0,10,outputs/stonehenge/splatfacto/2024-09-11_100724/config.yml,116446,False,False,True,stopped_before_goal,0.0005090797785669,official GSplatLoader.query_distance safety h value; not meters,0.6669701771269002,0.7840010261711613,0.2610957228781103,0.2610957228781103,264,264,0.0612604066122774,0.0685793203301727,0.9772727272727272,0.0688504192519505,0.1173029169440269,417.969696969697,500.0,0,20.631099183112383,,strict stopped-motion goal condition from run.py; stopped_before_goal remains success=False,C_topk500_h0006_hybrid,500,0.0006,risk_v2_hybrid
stonehenge,risk_aware_topk_v0,11,outputs/stonehenge/splatfacto/2024-09-11_100724/config.yml,116446,False,False,True,stopped_before_goal,0.000469021819299,official GSplatLoader.query_distance safety h value; not meters,0.8285147354855023,0.7841053949339123,0.1344625210574867,0.1344625210574867,346,346,0.0606062506094058,0.0679974765516817,0.9942196531791908,0.0742717083787177,0.1162734255194664,391.55202312138726,500.0,0,26.840802494436502,,strict stopped-motion goal condition from run.py; stopped_before_goal remains success=False,C_topk500_h0006_hybrid,500,0.0006,risk_v2_hybrid
stonehenge,risk_aware_topk_v0,12,outputs/stonehenge/splatfacto/2024-09-11_100724/config.yml,116446,False,False,True,stopped_before_goal,0.000333671370754,official GSplatLoader.query_distance safety h value; not meters,0.8350877409192708,0.7842408858824762,0.1293309361543513,0.1293309361543513,364,364,0.0611704261717642,0.0693079374730587,0.9972527472527472,0.0787318067363077,0.1182198598980903,387.71153846153845,500.0,0,28.46988527663052,,strict stopped-motion goal condition from run.py; stopped_before_goal remains success=False,C_topk500_h0006_hybrid,500,0.0006,risk_v2_hybrid
stonehenge,risk_aware_topk_v0,13,outputs/stonehenge/splatfacto/2024-09-11_100724/config.yml,116446,False,False,True,stopped_before_goal,0.000776759465225,official GSplatLoader.query_distance safety h value; not meters,0.246376847184827,0.7842169948283072,0.591004084133749,0.591004084133749,123,123,0.0631041119284019,0.0764824576675891,1.0,0.0908294769109991,0.113085851073265,457.8130081300813,500.0,0,9.855068009346724,,strict stopped-motion goal condition from run.py; stopped_before_goal remains success=False,C_topk500_h0006_hybrid,500,0.0006,risk_v2_hybrid
stonehenge,risk_aware_topk_v0,14,outputs/stonehenge/splatfacto/2024-09-11_100724/config.yml,116446,False,False,True,stopped_before_goal,0.0010722742881625,official GSplatLoader.query_distance safety h value; not meters,0.2492454777013253,0.7840673094735207,0.5886420783738001,0.5886420783738001,115,115,0.0604923573201117,0.0656945483759045,0.991304347826087,0.0790799879277617,0.1164114847779274,451.704347826087,500.0,0,8.905979154631495,,strict stopped-motion goal condition from run.py; stopped_before_goal remains success=False,C_topk500_h0006_hybrid,500,0.0006,risk_v2_hybrid
stonehenge,risk_aware_topk_v0,15,outputs/stonehenge/splatfacto/2024-09-11_100724/config.yml,116446,False,False,True,stopped_before_goal,0.0005723285721614,official GSplatLoader.query_distance safety h value; not meters,0.2507318676307128,0.7840023050097159,0.587427942847846,0.587427942847846,128,128,0.0599812582659069,0.0706230744719505,0.984375,0.080186632578735,0.1161194369196891,450.421875,500.0,0,9.842691853642464,,strict stopped-motion goal condition from run.py; stopped_before_goal remains success=False,C_topk500_h0006_hybrid,500,0.0006,risk_v2_hybrid
stonehenge,risk_aware_topk_v0,16,outputs/stonehenge/splatfacto/2024-09-11_100724/config.yml,116446,False,False,True,stopped_before_goal,0.0010280673159286,official GSplatLoader.query_distance safety h value; not meters,0.0489887672013028,0.7841134052928949,0.7457006562215804,0.7457006562215804,39,39,0.0667316331408726,0.0835527651011944,0.9487179487179488,0.0934398255460321,0.1200234368443489,379.0769230769231,448.6,0,3.2603293880820274,,strict stopped-motion goal condition from run.py; stopped_before_goal remains success=False,C_topk500_h0006_hybrid,500,0.0006,risk_v2_hybrid
stonehenge,risk_aware_topk_v0,17,outputs/stonehenge/splatfacto/2024-09-11_100724/config.yml,116446,False,False,True,stopped_before_goal,0.0004922527587041,official GSplatLoader.query_distance safety h value; not meters,0.9914434252694034,0.7842443635063541,0.0067104455033913,0.0006620868512147,447,465,0.0594838619672803,0.0697311494499444,0.7204301075268817,0.0415421450688866,0.1091939732432365,389.7677419354839,500.0,0,35.521624049171805,,strict stopped-motion goal condition from run.py; stopped_before_goal remains success=False,C_topk500_h0006_hybrid,500,0.0006,risk_v2_hybrid
stonehenge,risk_aware_topk_v0,18,outputs/stonehenge/splatfacto/2024-09-11_100724/config.yml,116446,False,False,True,stopped_before_goal,0.0006928766379132,official GSplatLoader.query_distance safety h value; not meters,0.9912523483816504,0.7842110507680883,0.0068600050673791,0.0003385268134229,393,411,0.0601825239159475,0.0684786858037114,0.5888077858880778,0.0280539856529805,0.1033526808023452,397.014598540146,500.0,0,31.79396836645901,,strict stopped-motion goal condition from run.py; stopped_before_goal remains success=False,C_topk500_h0006_hybrid,500,0.0006,risk_v2_hybrid
stonehenge,risk_aware_topk_v0,19,outputs/stonehenge/splatfacto/2024-09-11_100724/config.yml,116446,False,False,True,stopped_before_goal,0.0007741630543023,official GSplatLoader.query_distance safety h value; not meters,0.9915961122072072,0.7840603005550516,0.0065891547886481,0.0006902395607979,386,405,0.0599555178924843,0.0664971135556697,0.5925925925925926,0.0249693739553009,0.0994569733738899,409.31851851851854,500.0,0,31.182829773053527,,strict stopped-motion goal condition from run.py; stopped_before_goal remains success=False,C_topk500_h0006_hybrid,500,0.0006,risk_v2_hybrid
stonehenge,risk_aware_topk_v0,0,outputs/stonehenge/splatfacto/2024-09-11_100724/config.yml,116446,False,False,True,stopped_before_goal,0.0008511265041306,official GSplatLoader.query_distance safety h value; not meters,0.8150653908712976,0.784,0.1449887335569026,0.1449887335569026,325,325,0.0604491527779744,0.0695486135780811,0.9046153846153846,0.0250667638247636,0.0749241933226585,271.87384615384616,300.0,0,25.215351214632392,,strict stopped-motion goal condition from run.py; stopped_before_goal remains success=False,D_topk300_h0004_hybrid,300,0.0004,risk_v2_hybrid
stonehenge,risk_aware_topk_v0,1,outputs/stonehenge/splatfacto/2024-09-11_100724/config.yml,116446,False,False,True,stopped_before_goal,0.0008069268660619,official GSplatLoader.query_distance safety h value; not meters,0.1968796597737554,0.7840896733951637,0.6297183652650088,0.6297183652650088,114,114,0.0572793196821421,0.0651741382665932,0.9824561403508772,0.067082471717309,0.1060621291399002,265.4824561403509,300.0,0,8.482966419309378,,strict stopped-motion goal condition from run.py; stopped_before_goal remains success=False,D_topk300_h0004_hybrid,300,0.0004,risk_v2_hybrid
stonehenge,risk_aware_topk_v0,2,outputs/stonehenge/splatfacto/2024-09-11_100724/config.yml,116446,False,False,True,stopped_before_goal,0.0013136969646438,official GSplatLoader.query_distance safety h value; not meters,0.1934798060264695,0.7842325773112758,0.6324994103734519,0.6324994103734519,104,104,0.0579702329929344,0.0652882070280611,0.9903846153846154,0.0654580473514775,0.0872726887464523,295.7980769230769,300.0,0,7.803713398054242,,strict stopped-motion goal condition from run.py; stopped_before_goal remains success=False,D_topk300_h0004_hybrid,300,0.0004,risk_v2_hybrid
stonehenge,risk_aware_topk_v0,3,outputs/stonehenge/splatfacto/2024-09-11_100724/config.yml,116446,False,False,True,stopped_before_goal,0.0008008611621335,official GSplatLoader.query_distance safety h value; not meters,0.2279667459204304,0.7842277798056816,0.6054499247829765,0.6054499247829765,123,123,0.0590905914067979,0.0687124924734234,0.991869918699187,0.0658127882941891,0.0878600925207138,316.0487804878049,423.6999999999997,0,9.373945504426956,,strict stopped-motion goal condition from run.py; stopped_before_goal remains success=False,D_topk300_h0004_hybrid,300,0.0004,risk_v2_hybrid
stonehenge,risk_aware_topk_v0,4,outputs/stonehenge/splatfacto/2024-09-11_100724/config.yml,116446,False,False,True,stopped_before_goal,0.0008385840337723,official GSplatLoader.query_distance safety h value; not meters,0.8193101644339005,0.784082025527739,0.1416756522629414,0.1416756522629414,357,357,0.0594933383239834,0.0666003592312336,0.9523809523809524,0.039236022174463,0.0786383524537086,261.7422969187675,300.0,0,27.35617890581489,,strict stopped-motion goal condition from run.py; stopped_before_goal remains success=False,D_topk300_h0004_hybrid,300,0.0004,risk_v2_hybrid
stonehenge,risk_aware_topk_v0,5,outputs/stonehenge/splatfacto/2024-09-11_100724/config.yml,116446,False,False,True,stopped_before_goal,0.0007147254655137,official GSplatLoader.query_distance safety h value; not meters,0.2914677467627995,0.7840002568014284,0.5554894684900599,0.5554894684900599,170,170,0.0608914695899276,0.0655341051518917,0.9588235294117649,0.0646292499785652,0.0978932082653045,301.1058823529412,300.0,0,13.289006413891912,,strict stopped-motion goal condition from run.py; stopped_before_goal remains success=False,D_topk300_h0004_hybrid,300,0.0004,risk_v2_hybrid
stonehenge,risk_aware_topk_v0,6,outputs/stonehenge/splatfacto/2024-09-11_100724/config.yml,116446,False,False,True,stopped_before_goal,0.0005385840777307,official GSplatLoader.query_distance safety h value; not meters,0.5703917540879537,0.7840974736682284,0.3368547402866744,0.3368547402866744,243,243,0.0595750648972919,0.0669776339083909,0.9218106995884774,0.0575189385038907,0.1121610328555107,278.77366255144034,300.0,0,18.65461352095008,,strict stopped-motion goal condition from run.py; stopped_before_goal remains success=False,D_topk300_h0004_hybrid,300,0.0004,risk_v2_hybrid
stonehenge,risk_aware_topk_v0,7,outputs/stonehenge/splatfacto/2024-09-11_100724/config.yml,116446,False,False,True,stopped_before_goal,0.0008742081699892,official GSplatLoader.query_distance safety h value; not meters,0.5912356048862837,0.7842369518727405,0.3205681432580854,0.3205681432580854,225,225,0.0587170067015621,0.0667060114443302,0.8933333333333333,0.0475596611162659,0.0873894542455673,285.0,300.0,0,17.07013520039618,,strict stopped-motion goal condition from run.py; stopped_before_goal remains success=False,D_topk300_h0004_hybrid,300,0.0004,risk_v2_hybrid
stonehenge,risk_aware_topk_v0,8,outputs/stonehenge/splatfacto/2024-09-11_100724/config.yml,116446,False,False,True,stopped_before_goal,0.0006320523098111,official GSplatLoader.query_distance safety h value; not meters,0.8225472634165214,0.7842225786662452,0.1391624426748774,0.1391624426748774,331,331,0.0579293776539877,0.0654178000986576,0.9274924471299094,0.0476610633905531,0.0833826214075088,281.17220543806644,300.0,0,24.82112868875265,,strict stopped-motion goal condition from run.py; stopped_before_goal remains success=False,D_topk300_h0004_hybrid,300,0.0004,risk_v2_hybrid
stonehenge,risk_aware_topk_v0,9,outputs/stonehenge/splatfacto/2024-09-11_100724/config.yml,116446,False,False,True,stopped_before_goal,0.0011710356920957,official GSplatLoader.query_distance safety h value; not meters,0.7953131100700855,0.7840745608661205,0.1604897833368495,0.1604897833368495,303,303,0.0591975752596217,0.0680915048345923,0.9075907590759076,0.0467731373617096,0.0901410728693008,292.87458745874585,300.0,0,23.120773043483496,,strict stopped-motion goal condition from run.py; stopped_before_goal remains success=False,D_topk300_h0004_hybrid,300,0.0004,risk_v2_hybrid
stonehenge,risk_aware_topk_v0,10,outputs/stonehenge/splatfacto/2024-09-11_100724/config.yml,116446,False,False,True,stopped_before_goal,0.0005090673221275,official GSplatLoader.query_distance safety h value; not meters,0.6669695983256049,0.7840010261711613,0.2610961766589197,0.2610961766589197,264,264,0.0618019814772362,0.0707213866524398,0.9772727272727272,0.0688504857505999,0.1173029616475105,297.1401515151515,300.0,0,20.934816747903824,,strict stopped-motion goal condition from run.py; stopped_before_goal remains success=False,D_topk300_h0004_hybrid,300,0.0004,risk_v2_hybrid
stonehenge,risk_aware_topk_v0,11,outputs/stonehenge/splatfacto/2024-09-11_100724/config.yml,116446,False,False,True,stopped_before_goal,0.0004690191417466,official GSplatLoader.query_distance safety h value; not meters,0.8285142106522013,0.7841053949339123,0.1344629325821094,0.1344629325821094,346,346,0.0611626629776865,0.0702790170907974,0.9942196531791908,0.0742716520579271,0.1162729710340499,296.0086705202312,300.0,0,27.272156408056617,,strict stopped-motion goal condition from run.py; stopped_before_goal remains success=False,D_topk300_h0004_hybrid,300,0.0004,risk_v2_hybrid
stonehenge,risk_aware_topk_v0,12,outputs/stonehenge/splatfacto/2024-09-11_100724/config.yml,116446,False,False,True,stopped_before_goal,0.000333671021508,official GSplatLoader.query_distance safety h value; not meters,0.8350880412070852,0.7842408858824762,0.1293307006563698,0.1293307006563698,364,364,0.0608409912642705,0.069391060154885,0.9972527472527472,0.0787318360028036,0.1182200834155082,291.63461538461536,300.0,0,28.43679389357567,,strict stopped-motion goal condition from run.py; stopped_before_goal remains success=False,D_topk300_h0004_hybrid,300,0.0004,risk_v2_hybrid
stonehenge,risk_aware_topk_v0,13,outputs/stonehenge/splatfacto/2024-09-11_100724/config.yml,116446,False,False,True,stopped_before_goal,0.0007767635397613,official GSplatLoader.query_distance safety h value; not meters,0.2463776721769021,0.7842169948283072,0.5910034371609432,0.5910034371609432,123,123,0.0628126215613712,0.0754418831318616,1.0,0.090829424030049,0.1130848228931427,300.0,300.0,0,9.846696842461824,,strict stopped-motion goal condition from run.py; stopped_before_goal remains success=False,D_topk300_h0004_hybrid,300,0.0004,risk_v2_hybrid
stonehenge,risk_aware_topk_v0,14,outputs/stonehenge/splatfacto/2024-09-11_100724/config.yml,116446,False,False,True,stopped_before_goal,0.00107227335684,official GSplatLoader.query_distance safety h value; not meters,0.2492455157765304,0.7840673094735207,0.5886420485202765,0.5886420485202765,115,115,0.0601628107707137,0.0652902161702513,0.991304347826087,0.0790800076220439,0.1164115145802497,300.0,300.0,0,8.917442198842764,,strict stopped-motion goal condition from run.py; stopped_before_goal remains success=False,D_topk300_h0004_hybrid,300,0.0004,risk_v2_hybrid
stonehenge,risk_aware_topk_v0,15,outputs/stonehenge/splatfacto/2024-09-11_100724/config.yml,116446,False,False,True,stopped_before_goal,0.0005725261289626,official GSplatLoader.query_distance safety h value; not meters,0.2507397534825217,0.7840023050097159,0.5874217603218509,0.5874217603218509,128,128,0.0598712591890944,0.0704442034475505,0.984375,0.080190426558056,0.1161310374736785,300.0,300.0,0,9.905600493773818,,strict stopped-motion goal condition from run.py; stopped_before_goal remains success=False,D_topk300_h0004_hybrid,300,0.0004,risk_v2_hybrid
stonehenge,risk_aware_topk_v0,16,outputs/stonehenge/splatfacto/2024-09-11_100724/config.yml,116446,False,False,True,stopped_before_goal,0.001028063124977,official GSplatLoader.query_distance safety h value; not meters,0.048988903250815,0.7841134052928949,0.7457005495433341,0.7457005495433341,39,39,0.0666526267543817,0.0832010524347424,0.9487179487179488,0.0934398496231265,0.1200235858559608,300.0,300.0,0,3.2719628866761923,,strict stopped-motion goal condition from run.py; stopped_before_goal remains success=False,D_topk300_h0004_hybrid,300,0.0004,risk_v2_hybrid
stonehenge,risk_aware_topk_v0,17,outputs/stonehenge/splatfacto/2024-09-11_100724/config.yml,116446,False,False,True,stopped_before_goal,0.0004922648658975,official GSplatLoader.query_distance safety h value; not meters,0.991446698648178,0.7842443635063541,0.0067078783745377,0.000669316177895,447,465,0.0595999965183837,0.0698536921292543,0.7182795698924731,0.0415409137788689,0.1091944798827171,285.7978494623656,300.0,0,35.81042852252722,,strict stopped-motion goal condition from run.py; stopped_before_goal remains success=False,D_topk300_h0004_hybrid,300,0.0004,risk_v2_hybrid
stonehenge,risk_aware_topk_v0,18,outputs/stonehenge/splatfacto/2024-09-11_100724/config.yml,116446,False,False,True,stopped_before_goal,0.0006928707007318,official GSplatLoader.query_distance safety h value; not meters,0.9912523863845818,0.7842110507680883,0.0068599752650602,0.0003384072316229,393,411,0.0598339061649321,0.0670218523591756,0.5888077858880778,0.0280540672870803,0.1033530384302139,283.47688564476886,300.0,0,31.695623280480504,,strict stopped-motion goal condition from run.py; stopped_before_goal remains success=False,D_topk300_h0004_hybrid,300,0.0004,risk_v2_hybrid
stonehenge,risk_aware_topk_v0,19,outputs/stonehenge/splatfacto/2024-09-11_100724/config.yml,116446,False,False,True,stopped_before_goal,0.0007741636363789,official GSplatLoader.query_distance safety h value; not meters,0.991600749915772,0.7840603005550516,0.0065855185454769,0.0006789314082256,386,405,0.0600265871227523,0.0678859055042266,0.5901234567901235,0.0249675163272211,0.0994569584727287,287.3259259259259,300.0,0,31.371964275836945,,strict stopped-motion goal condition from run.py; stopped_before_goal remains success=False,D_topk300_h0004_hybrid,300,0.0004,risk_v2_hybrid
stonehenge,risk_aware_topk_v0,0,outputs/stonehenge/splatfacto/2024-09-11_100724/config.yml,116446,False,False,True,stopped_before_goal,0.0008511265041306,official GSplatLoader.query_distance safety h value; not meters,0.8150653908712976,0.784,0.1449887335569026,0.1449887335569026,325,325,0.0609205758170439,0.0710434410721063,0.9046153846153846,0.0250667638247636,0.0749241933226585,271.87384615384616,300.0,0,25.52056991867721,,strict stopped-motion goal condition from run.py; stopped_before_goal remains success=False,E_topk300_h0010_hybrid,300,0.001,risk_v2_hybrid
stonehenge,risk_aware_topk_v0,1,outputs/stonehenge/splatfacto/2024-09-11_100724/config.yml,116446,False,False,True,stopped_before_goal,0.0008069268660619,official GSplatLoader.query_distance safety h value; not meters,0.1968796597737554,0.7840896733951637,0.6297183652650088,0.6297183652650088,114,114,0.056905257956762,0.0649838597513735,0.9824561403508772,0.067082471717309,0.1060621291399002,265.4824561403509,300.0,0,8.455955827608705,,strict stopped-motion goal condition from run.py; stopped_before_goal remains success=False,E_topk300_h0010_hybrid,300,0.001,risk_v2_hybrid
stonehenge,risk_aware_topk_v0,2,outputs/stonehenge/splatfacto/2024-09-11_100724/config.yml,116446,False,False,True,stopped_before_goal,0.0013136969646438,official GSplatLoader.query_distance safety h value; not meters,0.1934798060264695,0.7842325773112758,0.6324994103734519,0.6324994103734519,104,104,0.0575346644036471,0.0650324285961687,0.9903846153846154,0.0654580473514775,0.0872726887464523,295.7980769230769,300.0,0,7.771336203441024,,strict stopped-motion goal condition from run.py; stopped_before_goal remains success=False,E_topk300_h0010_hybrid,300,0.001,risk_v2_hybrid
stonehenge,risk_aware_topk_v0,3,outputs/stonehenge/splatfacto/2024-09-11_100724/config.yml,116446,False,False,True,stopped_before_goal,0.0008008611621335,official GSplatLoader.query_distance safety h value; not meters,0.2279667459204304,0.7842277798056816,0.6054499247829765,0.6054499247829765,123,123,0.0596340112236699,0.069152395799756,0.991869918699187,0.0658127882941891,0.0878600925207138,316.0487804878049,423.6999999999997,0,9.473089311271906,,strict stopped-motion goal condition from run.py; stopped_before_goal remains success=False,E_topk300_h0010_hybrid,300,0.001,risk_v2_hybrid
stonehenge,risk_aware_topk_v0,4,outputs/stonehenge/splatfacto/2024-09-11_100724/config.yml,116446,False,False,True,stopped_before_goal,0.0008385840337723,official GSplatLoader.query_distance safety h value; not meters,0.8193101644339005,0.784082025527739,0.1416756522629414,0.1416756522629414,357,357,0.0592881452020894,0.0662408638745546,0.9523809523809524,0.039236022174463,0.0786383524537086,261.7422969187675,300.0,0,27.31881432235241,,strict stopped-motion goal condition from run.py; stopped_before_goal remains success=False,E_topk300_h0010_hybrid,300,0.001,risk_v2_hybrid
stonehenge,risk_aware_topk_v0,5,outputs/stonehenge/splatfacto/2024-09-11_100724/config.yml,116446,False,False,True,stopped_before_goal,0.0007147254655137,official GSplatLoader.query_distance safety h value; not meters,0.2914677467627995,0.7840002568014284,0.5554894684900599,0.5554894684900599,170,170,0.0607280816444579,0.0652966252528131,0.9588235294117649,0.0646292499785652,0.0978932082653045,301.1058823529412,300.0,0,13.304762179031968,,strict stopped-motion goal condition from run.py; stopped_before_goal remains success=False,E_topk300_h0010_hybrid,300,0.001,risk_v2_hybrid
stonehenge,risk_aware_topk_v0,6,outputs/stonehenge/splatfacto/2024-09-11_100724/config.yml,116446,False,False,True,stopped_before_goal,0.0005385840777307,official GSplatLoader.query_distance safety h value; not meters,0.5703917540879537,0.7840974736682284,0.3368547402866744,0.3368547402866744,243,243,0.0600054207576032,0.0675245523452758,0.9218106995884774,0.0575189385038907,0.1121610328555107,278.77366255144034,300.0,0,18.82669203169644,,strict stopped-motion goal condition from run.py; stopped_before_goal remains success=False,E_topk300_h0010_hybrid,300,0.001,risk_v2_hybrid
stonehenge,risk_aware_topk_v0,7,outputs/stonehenge/splatfacto/2024-09-11_100724/config.yml,116446,False,False,True,stopped_before_goal,0.0008742081699892,official GSplatLoader.query_distance safety h value; not meters,0.5912356048862837,0.7842369518727405,0.3205681432580854,0.3205681432580854,225,225,0.0592391071551375,0.0663140472024679,0.8933333333333333,0.0475596611162659,0.0873894542455673,285.0,300.0,0,17.223546715453267,,strict stopped-motion goal condition from run.py; stopped_before_goal remains success=False,E_topk300_h0010_hybrid,300,0.001,risk_v2_hybrid
stonehenge,risk_aware_topk_v0,8,outputs/stonehenge/splatfacto/2024-09-11_100724/config.yml,116446,False,False,True,stopped_before_goal,0.0006320523098111,official GSplatLoader.query_distance safety h value; not meters,0.8225472634165214,0.7842225786662452,0.1391624426748774,0.1391624426748774,331,331,0.0591241015329551,0.067683164961636,0.9274924471299094,0.0476610633905531,0.0833826214075088,281.17220543806644,300.0,0,25.371467046439648,,strict stopped-motion goal condition from run.py; stopped_before_goal remains success=False,E_topk300_h0010_hybrid,300,0.001,risk_v2_hybrid
stonehenge,risk_aware_topk_v0,9,outputs/stonehenge/splatfacto/2024-09-11_100724/config.yml,116446,False,False,True,stopped_before_goal,0.0011710356920957,official GSplatLoader.query_distance safety h value; not meters,0.7953131100700855,0.7840745608661205,0.1604897833368495,0.1604897833368495,303,303,0.0597414602110586,0.0691718414425849,0.9075907590759076,0.0467731373617096,0.0901410728693008,292.87458745874585,300.0,0,23.37353284657001,,strict stopped-motion goal condition from run.py; stopped_before_goal remains success=False,E_topk300_h0010_hybrid,300,0.001,risk_v2_hybrid
stonehenge,risk_aware_topk_v0,10,outputs/stonehenge/splatfacto/2024-09-11_100724/config.yml,116446,False,False,True,stopped_before_goal,0.0005090673221275,official GSplatLoader.query_distance safety h value; not meters,0.6669695983256049,0.7840010261711613,0.2610961766589197,0.2610961766589197,264,264,0.0607222888378821,0.0672404421493411,0.9772727272727272,0.0688504857505999,0.1173029616475105,297.1401515151515,300.0,0,20.616974292322997,,strict stopped-motion goal condition from run.py; stopped_before_goal remains success=False,E_topk300_h0010_hybrid,300,0.001,risk_v2_hybrid
stonehenge,risk_aware_topk_v0,11,outputs/stonehenge/splatfacto/2024-09-11_100724/config.yml,116446,False,False,True,stopped_before_goal,0.0004690191417466,official GSplatLoader.query_distance safety h value; not meters,0.8285142106522013,0.7841053949339123,0.1344629325821094,0.1344629325821094,346,346,0.0603585990974841,0.0676646372303366,0.9942196531791908,0.0742716520579271,0.1162729710340499,296.0086705202312,300.0,0,26.85768310725689,,strict stopped-motion goal condition from run.py; stopped_before_goal remains success=False,E_topk300_h0010_hybrid,300,0.001,risk_v2_hybrid
stonehenge,risk_aware_topk_v0,12,outputs/stonehenge/splatfacto/2024-09-11_100724/config.yml,116446,False,False,True,stopped_before_goal,0.000333671021508,official GSplatLoader.query_distance safety h value; not meters,0.8350880412070852,0.7842408858824762,0.1293307006563698,0.1293307006563698,364,364,0.0600342807759131,0.0682326691225171,0.9972527472527472,0.0787318360028036,0.1182200834155082,291.63461538461536,300.0,0,28.128569474443797,,strict stopped-motion goal condition from run.py; stopped_before_goal remains success=False,E_topk300_h0010_hybrid,300,0.001,risk_v2_hybrid
stonehenge,risk_aware_topk_v0,13,outputs/stonehenge/splatfacto/2024-09-11_100724/config.yml,116446,False,False,True,stopped_before_goal,0.0007767635397613,official GSplatLoader.query_distance safety h value; not meters,0.2463776721769021,0.7842169948283072,0.5910034371609432,0.5910034371609432,123,123,0.0623962064160079,0.0756283815950155,1.0,0.090829424030049,0.1130848228931427,300.0,300.0,0,9.80772727355361,,strict stopped-motion goal condition from run.py; stopped_before_goal remains success=False,E_topk300_h0010_hybrid,300,0.001,risk_v2_hybrid
stonehenge,risk_aware_topk_v0,14,outputs/stonehenge/splatfacto/2024-09-11_100724/config.yml,116446,False,False,True,stopped_before_goal,0.00107227335684,official GSplatLoader.query_distance safety h value; not meters,0.2492455157765304,0.7840673094735207,0.5886420485202765,0.5886420485202765,115,115,0.0604074199076579,0.0654411789029836,0.991304347826087,0.0790800076220439,0.1164115145802497,300.0,300.0,0,8.955544555559754,,strict stopped-motion goal condition from run.py; stopped_before_goal remains success=False,E_topk300_h0010_hybrid,300,0.001,risk_v2_hybrid
stonehenge,risk_aware_topk_v0,15,outputs/stonehenge/splatfacto/2024-09-11_100724/config.yml,116446,False,False,True,stopped_before_goal,0.0005725261289626,official GSplatLoader.query_distance safety h value; not meters,0.2507397534825217,0.7840023050097159,0.5874217603218509,0.5874217603218509,128,128,0.0597385825967649,0.070423939358443,0.984375,0.080190426558056,0.1161310374736785,300.0,300.0,0,9.874457746744156,,strict stopped-motion goal condition from run.py; stopped_before_goal remains success=False,E_topk300_h0010_hybrid,300,0.001,risk_v2_hybrid
stonehenge,risk_aware_topk_v0,16,outputs/stonehenge/splatfacto/2024-09-11_100724/config.yml,116446,False,False,True,stopped_before_goal,0.001028063124977,official GSplatLoader.query_distance safety h value; not meters,0.048988903250815,0.7841134052928949,0.7457005495433341,0.7457005495433341,39,39,0.0671413250936147,0.0841802833601832,0.9487179487179488,0.0934398496231265,0.1200235858559608,300.0,300.0,0,3.2989477198570967,,strict stopped-motion goal condition from run.py; stopped_before_goal remains success=False,E_topk300_h0010_hybrid,300,0.001,risk_v2_hybrid
stonehenge,risk_aware_topk_v0,17,outputs/stonehenge/splatfacto/2024-09-11_100724/config.yml,116446,False,False,True,stopped_before_goal,0.0004922648658975,official GSplatLoader.query_distance safety h value; not meters,0.991446698648178,0.7842443635063541,0.0067078783745377,0.000669316177895,447,465,0.0592822837653339,0.069452765583992,0.7182795698924731,0.0415409137788689,0.1091944798827171,285.7978494623656,300.0,0,35.63489451818168,,strict stopped-motion goal condition from run.py; stopped_before_goal remains success=False,E_topk300_h0010_hybrid,300,0.001,risk_v2_hybrid
stonehenge,risk_aware_topk_v0,18,outputs/stonehenge/splatfacto/2024-09-11_100724/config.yml,116446,False,False,True,stopped_before_goal,0.0006928707007318,official GSplatLoader.query_distance safety h value; not meters,0.9912523863845818,0.7842110507680883,0.0068599752650602,0.0003384072316229,393,411,0.0602612785378656,0.0676096882671117,0.5888077858880778,0.0280540672870803,0.1033530384302139,283.47688564476886,300.0,0,31.932966724038124,,strict stopped-motion goal condition from run.py; stopped_before_goal remains success=False,E_topk300_h0010_hybrid,300,0.001,risk_v2_hybrid
stonehenge,risk_aware_topk_v0,19,outputs/stonehenge/splatfacto/2024-09-11_100724/config.yml,116446,False,False,True,stopped_before_goal,0.0007741636363789,official GSplatLoader.query_distance safety h value; not meters,0.991600749915772,0.7840603005550516,0.0065855185454769,0.0006789314082256,386,405,0.0602440263892029,0.0672095723450183,0.5901234567901235,0.0249675163272211,0.0994569584727287,287.3259259259259,300.0,0,31.49432365782559,,strict stopped-motion goal condition from run.py; stopped_before_goal remains success=False,E_topk300_h0010_hybrid,300,0.001,risk_v2_hybrid
stonehenge,risk_aware_topk_v0,0,outputs/stonehenge/splatfacto/2024-09-11_100724/config.yml,116446,False,False,True,stopped_before_goal,0.0008511263877153,official GSplatLoader.query_distance safety h value; not meters,0.8150653529295269,0.784,0.1449887633032509,0.1449887633032509,325,325,0.0606753554023229,0.0696503318846225,0.9046153846153846,0.0250667633761247,0.0749241113662719,271.88,300.0,0,25.37533096037805,,strict stopped-motion goal condition from run.py; stopped_before_goal remains success=False,F_topk300_h0006_activefreq,300,0.0006,risk_v0_active_frequency
stonehenge,risk_aware_topk_v0,1,outputs/stonehenge/splatfacto/2024-09-11_100724/config.yml,116446,False,False,True,stopped_before_goal,0.0008069268660619,official GSplatLoader.query_distance safety h value; not meters,0.1968796597697758,0.7840896733951637,0.6297183652681292,0.6297183652681292,114,114,0.0580721292481349,0.0685688802041113,0.9824561403508772,0.0670824688975922,0.1060621589422226,265.4824561403509,300.0,0,8.63878028653562,,strict stopped-motion goal condition from run.py; stopped_before_goal remains success=False,F_topk300_h0006_activefreq,300,0.0006,risk_v0_active_frequency
stonehenge,risk_aware_topk_v0,2,outputs/stonehenge/splatfacto/2024-09-11_100724/config.yml,116446,False,False,True,stopped_before_goal,0.0013136954512447,official GSplatLoader.query_distance safety h value; not meters,0.1934797681436198,0.7842325773112758,0.6324994400824168,0.6324994400824168,104,104,0.0591250139718445,0.0694164888933301,0.9903846153846154,0.0654580551960792,0.0872726961970329,295.7980769230769,300.0,0,8.002266086637974,,strict stopped-motion goal condition from run.py; stopped_before_goal remains success=False,F_topk300_h0006_activefreq,300,0.0006,risk_v0_active_frequency
stonehenge,risk_aware_topk_v0,3,outputs/stonehenge/splatfacto/2024-09-11_100724/config.yml,116446,False,False,True,stopped_before_goal,0.0008008611621335,official GSplatLoader.query_distance safety h value; not meters,0.2279667645652707,0.7842277798056816,0.6054499101611748,0.6054499101611748,123,123,0.0595808585242527,0.0691406186670064,0.991869918699187,0.0658127995912076,0.0878601148724556,316.0487804878049,423.6999999999997,0,9.47533195093274,,strict stopped-motion goal condition from run.py; stopped_before_goal remains success=False,F_topk300_h0006_activefreq,300,0.0006,risk_v0_active_frequency
stonehenge,risk_aware_topk_v0,4,outputs/stonehenge/splatfacto/2024-09-11_100724/config.yml,116446,False,False,True,stopped_before_goal,0.000838583218865,official GSplatLoader.query_distance safety h value; not meters,0.8193102408257446,0.784082025527739,0.1416755923654695,0.1416755923654695,357,357,0.059783096787851,0.0676995370537042,0.9523809523809524,0.0392360171104508,0.0786383375525474,261.7422969187675,300.0,0,27.50957165285945,,strict stopped-motion goal condition from run.py; stopped_before_goal remains success=False,F_topk300_h0006_activefreq,300,0.0006,risk_v0_active_frequency
stonehenge,risk_aware_topk_v0,5,outputs/stonehenge/splatfacto/2024-09-11_100724/config.yml,116446,False,False,True,stopped_before_goal,0.0007147258147597,official GSplatLoader.query_distance safety h value; not meters,0.2914676794410977,0.7840002568014284,0.5554895212702914,0.5554895212702914,170,170,0.0603894368471468,0.0659075235947966,0.9588235294117649,0.0646291917576141,0.0978931784629821,301.1058823529412,300.0,0,13.175102777779102,,strict stopped-motion goal condition from run.py; stopped_before_goal remains success=False,F_topk300_h0006_activefreq,300,0.0006,risk_v0_active_frequency
stonehenge,risk_aware_topk_v0,6,outputs/stonehenge/splatfacto/2024-09-11_100724/config.yml,116446,False,False,True,stopped_before_goal,0.000538584194146,official GSplatLoader.query_distance safety h value; not meters,0.5703917731442243,0.7840974736682284,0.3368547253447009,0.3368547253447009,243,243,0.0586558295099578,0.0656476700678467,0.9218106995884774,0.0575189287863858,0.1121609956026077,278.77366255144034,300.0,0,18.34007844887674,,strict stopped-motion goal condition from run.py; stopped_before_goal remains success=False,F_topk300_h0006_activefreq,300,0.0006,risk_v0_active_frequency
stonehenge,risk_aware_topk_v0,7,outputs/stonehenge/splatfacto/2024-09-11_100724/config.yml,116446,False,False,True,stopped_before_goal,0.0008742103818804,official GSplatLoader.query_distance safety h value; not meters,0.5912355490192335,0.7842369518727405,0.3205681870710906,0.3205681870710906,225,225,0.0581419517679346,0.0653321150690317,0.8933333333333333,0.0475596597873064,0.0873895213007927,285.0,300.0,0,16.89011633209884,,strict stopped-motion goal condition from run.py; stopped_before_goal remains success=False,F_topk300_h0006_activefreq,300,0.0006,risk_v0_active_frequency
stonehenge,risk_aware_topk_v0,8,outputs/stonehenge/splatfacto/2024-09-11_100724/config.yml,116446,False,False,True,stopped_before_goal,0.000632053008303,official GSplatLoader.query_distance safety h value; not meters,0.8225472634165214,0.7842225786662452,0.1391624426748774,0.1391624426748774,331,331,0.05757038133202,0.0653973734006285,0.9274924471299094,0.0476610654987469,0.0833826139569282,281.1691842900302,300.0,0,24.61741516366601,,strict stopped-motion goal condition from run.py; stopped_before_goal remains success=False,F_topk300_h0006_activefreq,300,0.0006,risk_v0_active_frequency
stonehenge,risk_aware_topk_v0,9,outputs/stonehenge/splatfacto/2024-09-11_100724/config.yml,116446,False,False,True,stopped_before_goal,0.0011710342951118,official GSplatLoader.query_distance safety h value; not meters,0.7953131477692318,0.7840745608661205,0.1604897537779081,0.1604897537779081,303,303,0.0591523171811312,0.0683665117248892,0.9075907590759076,0.0467731865117109,0.0901410728693008,292.87458745874585,300.0,0,23.028328847140077,,strict stopped-motion goal condition from run.py; stopped_before_goal remains success=False,F_topk300_h0006_activefreq,300,0.0006,risk_v0_active_frequency
stonehenge,risk_aware_topk_v0,10,outputs/stonehenge/splatfacto/2024-09-11_100724/config.yml,116446,False,False,True,stopped_before_goal,0.0005090702325105,official GSplatLoader.query_distance safety h value; not meters,0.6669697127637195,0.7840010261711613,0.2610960869393204,0.2610960869393204,264,264,0.060475497732334,0.0672930246219039,0.9772727272727272,0.0688504697417293,0.1173029467463493,297.1363636363636,300.0,0,20.45867770910263,,strict stopped-motion goal condition from run.py; stopped_before_goal remains success=False,F_topk300_h0006_activefreq,300,0.0006,risk_v0_active_frequency
stonehenge,risk_aware_topk_v0,11,outputs/stonehenge/splatfacto/2024-09-11_100724/config.yml,116446,False,False,True,stopped_before_goal,0.0004690237401518,official GSplatLoader.query_distance safety h value; not meters,0.8285143846501591,0.7841053949339123,0.1344627961493719,0.1344627961493719,346,346,0.0598290937904247,0.0670645711943507,0.9942196531791908,0.0742717042981251,0.1162731051445007,296.0086705202312,300.0,0,26.54327441379428,,strict stopped-motion goal condition from run.py; stopped_before_goal remains success=False,F_topk300_h0006_activefreq,300,0.0006,risk_v0_active_frequency
stonehenge,risk_aware_topk_v0,12,outputs/stonehenge/splatfacto/2024-09-11_100724/config.yml,116446,False,False,True,stopped_before_goal,0.0003336713125463,official GSplatLoader.query_distance safety h value; not meters,0.8350879878878951,0.7842408858824762,0.1293307424714588,0.1293307424714588,364,364,0.0606561637493771,0.0690343515016138,0.9972527472527472,0.0787317896004239,0.1182200387120246,291.63461538461536,300.0,0,28.28592515923083,,strict stopped-motion goal condition from run.py; stopped_before_goal remains success=False,F_topk300_h0006_activefreq,300,0.0006,risk_v0_active_frequency
stonehenge,risk_aware_topk_v0,13,outputs/stonehenge/splatfacto/2024-09-11_100724/config.yml,116446,False,False,True,stopped_before_goal,0.0007767583010718,official GSplatLoader.query_distance safety h value; not meters,0.2463763841831632,0.7842169948283072,0.5910044472275224,0.5910044472275224,123,123,0.0623062614018355,0.0770625898614525,1.0,0.090829478001328,0.1130864024162292,300.0,300.0,0,9.74642845056951,,strict stopped-motion goal condition from run.py; stopped_before_goal remains success=False,F_topk300_h0006_activefreq,300,0.0006,risk_v0_active_frequency
stonehenge,risk_aware_topk_v0,14,outputs/stonehenge/splatfacto/2024-09-11_100724/config.yml,116446,False,False,True,stopped_before_goal,0.0010722627630457,official GSplatLoader.query_distance safety h value; not meters,0.2492455503902754,0.7840673094735207,0.5886420213807706,0.5886420213807706,115,115,0.0597428207812101,0.0656922472640872,0.991304347826087,0.0790800540377877,0.1164115518331527,300.0,300.0,0,8.88723479770124,,strict stopped-motion goal condition from run.py; stopped_before_goal remains success=False,F_topk300_h0006_activefreq,300,0.0006,risk_v0_active_frequency
stonehenge,risk_aware_topk_v0,15,outputs/stonehenge/splatfacto/2024-09-11_100724/config.yml,116446,False,False,True,stopped_before_goal,0.0005723299691453,official GSplatLoader.query_distance safety h value; not meters,0.250731964631129,0.7840023050097159,0.5874278667992962,0.5874278667992962,128,128,0.0591056220291648,0.0693318751640617,0.984375,0.0801866902752088,0.1161199659109115,300.0,300.0,0,9.751528818160295,,strict stopped-motion goal condition from run.py; stopped_before_goal remains success=False,F_topk300_h0006_activefreq,300,0.0006,risk_v0_active_frequency
stonehenge,risk_aware_topk_v0,16,outputs/stonehenge/splatfacto/2024-09-11_100724/config.yml,116446,False,False,True,stopped_before_goal,0.0010280613787472,official GSplatLoader.query_distance safety h value; not meters,0.0489889276464568,0.7841134052928949,0.7457005304143843,0.7457005304143843,39,39,0.0658505504043438,0.0821052730083465,0.9487179487179488,0.0934398647329149,0.120023563504219,300.0,300.0,0,3.231743093580008,,strict stopped-motion goal condition from run.py; stopped_before_goal remains success=False,F_topk300_h0006_activefreq,300,0.0006,risk_v0_active_frequency
stonehenge,risk_aware_topk_v0,17,outputs/stonehenge/splatfacto/2024-09-11_100724/config.yml,116446,False,False,True,stopped_before_goal,0.0004922600928694,official GSplatLoader.query_distance safety h value; not meters,0.9914441860379708,0.7842443635063541,0.0067098488749302,0.0006638409938945,447,465,0.0591909595795216,0.0696356974542141,0.7204301075268817,0.0415418279947119,0.1091944500803947,285.7913978494624,300.0,0,35.45725517719984,,strict stopped-motion goal condition from run.py; stopped_before_goal remains success=False,F_topk300_h0006_activefreq,300,0.0006,risk_v0_active_frequency
stonehenge,risk_aware_topk_v0,18,outputs/stonehenge/splatfacto/2024-09-11_100724/config.yml,116446,False,False,True,stopped_before_goal,0.0006928707007318,official GSplatLoader.query_distance safety h value; not meters,0.9912522723723522,0.7842110507680883,0.0068600646747107,0.0003382639139778,393,411,0.0609621186887985,0.0687335086986422,0.5888077858880778,0.0280540748928063,0.1033530384302139,283.4793187347932,300.0,0,32.303459245711565,,strict stopped-motion goal condition from run.py; stopped_before_goal remains success=False,F_topk300_h0006_activefreq,300,0.0006,risk_v0_active_frequency
stonehenge,risk_aware_topk_v0,19,outputs/stonehenge/splatfacto/2024-09-11_100724/config.yml,116446,False,False,True,stopped_before_goal,0.0007741643348708,official GSplatLoader.query_distance safety h value; not meters,0.991596986597686,0.7840603005550516,0.0065884692137864,0.0006881405842,386,405,0.0600602645335006,0.0673600450158119,0.5901234567901235,0.0249691229745135,0.0994568765163421,287.3333333333333,300.0,0,31.38060856424272,,strict stopped-motion goal condition from run.py; stopped_before_goal remains success=False,F_topk300_h0006_activefreq,300,0.0006,risk_v0_active_frequency
stonehenge,risk_aware_topk_v0,0,outputs/stonehenge/splatfacto/2024-09-11_100724/config.yml,116446,False,False,True,stopped_before_goal,0.0008511263877153,official GSplatLoader.query_distance safety h value; not meters,0.8150653529298774,0.784,0.1449887633029761,0.1449887633029761,325,325,0.0622042034394466,0.0726011373102664,0.9046153846153846,0.0250667647638613,0.0749241039156913,271.87384615384616,300.0,0,26.193817736580968,,strict stopped-motion goal condition from run.py; stopped_before_goal remains success=False,G_topk300_h0006_geometry,300,0.0006,risk_v1_geometry
stonehenge,risk_aware_topk_v0,1,outputs/stonehenge/splatfacto/2024-09-11_100724/config.yml,116446,False,False,True,stopped_before_goal,0.0008069268660619,official GSplatLoader.query_distance safety h value; not meters,0.1968796596768365,0.7840896733951637,0.6297183653410019,0.6297183653410019,114,114,0.0584390525166925,0.0651552877388894,0.9824561403508772,0.0670824779994582,0.106062151491642,265.4824561403509,300.0,0,8.738659672439098,,strict stopped-motion goal condition from run.py; stopped_before_goal remains success=False,G_topk300_h0006_geometry,300,0.0006,risk_v1_geometry
stonehenge,risk_aware_topk_v0,2,outputs/stonehenge/splatfacto/2024-09-11_100724/config.yml,116446,False,False,True,stopped_before_goal,0.0013136940542608,official GSplatLoader.query_distance safety h value; not meters,0.1934797679662673,0.7842325773112758,0.6324994402215024,0.6324994402215024,104,104,0.0584148046059104,0.0662916467525064,0.9903846153846154,0.0654580472798373,0.0872726887464523,295.7980769230769,300.0,0,7.953992377966642,,strict stopped-motion goal condition from run.py; stopped_before_goal remains success=False,G_topk300_h0006_geometry,300,0.0006,risk_v1_geometry
stonehenge,risk_aware_topk_v0,3,outputs/stonehenge/splatfacto/2024-09-11_100724/config.yml,116446,False,False,True,stopped_before_goal,0.0008017164655029,official GSplatLoader.query_distance safety h value; not meters,0.228015188601515,0.7842277798056816,0.6054119346867417,0.6054119346867417,123,123,0.0603929478372257,0.0700795784592628,0.991869918699187,0.0658101431260688,0.0879758298397064,316.0487804878049,423.6999999999997,0,9.664059007540343,,strict stopped-motion goal condition from run.py; stopped_before_goal remains success=False,G_topk300_h0006_geometry,300,0.0006,risk_v1_geometry
stonehenge,risk_aware_topk_v0,4,outputs/stonehenge/splatfacto/2024-09-11_100724/config.yml,116446,False,False,True,stopped_before_goal,0.0008385834516957,official GSplatLoader.query_distance safety h value; not meters,0.8193102028248116,0.784082025527739,0.141675622161318,0.141675622161318,357,357,0.0598842985823708,0.0667472150176763,0.9523809523809524,0.0392360190949268,0.0786383152008056,261.7422969187675,300.0,0,27.73444944992661,,strict stopped-motion goal condition from run.py; stopped_before_goal remains success=False,G_topk300_h0006_geometry,300,0.0006,risk_v1_geometry
stonehenge,risk_aware_topk_v0,5,outputs/stonehenge/splatfacto/2024-09-11_100724/config.yml,116446,False,False,True,stopped_before_goal,0.0007147258147597,official GSplatLoader.query_distance safety h value; not meters,0.2914679753721048,0.7840002568014284,0.5554892892603058,0.5554892892603058,170,170,0.0619405666366219,0.0661281045526266,0.9588235294117649,0.0646292407122284,0.0978931337594986,301.1058823529412,300.0,0,13.62924692966044,,strict stopped-motion goal condition from run.py; stopped_before_goal remains success=False,G_topk300_h0006_geometry,300,0.0006,risk_v1_geometry
stonehenge,risk_aware_topk_v0,6,outputs/stonehenge/splatfacto/2024-09-11_100724/config.yml,116446,False,False,True,stopped_before_goal,0.0005385846598073,official GSplatLoader.query_distance safety h value; not meters,0.5703917921110827,0.7840974736682284,0.3368547104728351,0.3368547104728351,243,243,0.0603587271055444,0.0675670260563492,0.9218106995884774,0.0575189222918211,0.1121610030531883,278.7695473251029,300.0,0,19.02999411895871,,strict stopped-motion goal condition from run.py; stopped_before_goal remains success=False,G_topk300_h0006_geometry,300,0.0006,risk_v1_geometry
stonehenge,risk_aware_topk_v0,7,outputs/stonehenge/splatfacto/2024-09-11_100724/config.yml,116446,False,False,True,stopped_before_goal,0.0008742104982957,official GSplatLoader.query_distance safety h value; not meters,0.5912355926870311,0.7842369518727405,0.3205681528251901,0.3205681528251901,225,225,0.0595878998521301,0.0665105853229761,0.8933333333333333,0.0475596609228089,0.0873894318938255,285.00444444444446,300.0,0,17.453535506501794,,strict stopped-motion goal condition from run.py; stopped_before_goal remains success=False,G_topk300_h0006_geometry,300,0.0006,risk_v1_geometry
stonehenge,risk_aware_topk_v0,8,outputs/stonehenge/splatfacto/2024-09-11_100724/config.yml,116446,False,False,True,stopped_before_goal,0.000632053357549,official GSplatLoader.query_distance safety h value; not meters,0.8225472634165214,0.7842225786662452,0.1391624426748774,0.1391624426748774,331,331,0.0592053157482802,0.0665513221174478,0.9274924471299094,0.0476610488671683,0.08338263630867,281.17220543806644,300.0,0,25.588729478418827,,strict stopped-motion goal condition from run.py; stopped_before_goal remains success=False,G_topk300_h0006_geometry,300,0.0006,risk_v1_geometry
stonehenge,risk_aware_topk_v0,9,outputs/stonehenge/splatfacto/2024-09-11_100724/config.yml,116446,False,False,True,stopped_before_goal,0.0011710411636158,official GSplatLoader.query_distance safety h value; not meters,0.7953132047250254,0.7840745608661205,0.1604897091203192,0.1604897091203192,303,303,0.0605021656518525,0.0702546512708068,0.9075907590759076,0.0467731409386887,0.0901410728693008,292.87458745874585,300.0,0,23.825256746262312,,strict stopped-motion goal condition from run.py; stopped_before_goal remains success=False,G_topk300_h0006_geometry,300,0.0006,risk_v1_geometry
stonehenge,risk_aware_topk_v0,10,outputs/stonehenge/splatfacto/2024-09-11_100724/config.yml,116446,False,False,True,stopped_before_goal,0.0005337460897862,official GSplatLoader.query_distance safety h value; not meters,0.6659025087419923,0.7840010261711613,0.2619327759874886,0.2619327759874886,262,262,0.0615116770784477,0.0696126198396086,0.9770992366412212,0.0684923229626305,0.1166439801454544,297.1145038167939,300.0,0,20.77334731258452,,strict stopped-motion goal condition from run.py; stopped_before_goal remains success=False,G_topk300_h0006_geometry,300,0.0006,risk_v1_geometry
stonehenge,risk_aware_topk_v0,11,outputs/stonehenge/splatfacto/2024-09-11_100724/config.yml,116446,False,False,True,stopped_before_goal,0.0004690193163696,official GSplatLoader.query_distance safety h value; not meters,0.8293975845057411,0.7841053949339123,0.1337702743778052,0.1337702743778052,347,347,0.061308007290109,0.0701275147497653,0.9942363112391932,0.0744192774884003,0.1168820112943649,296.02017291066284,300.0,0,27.531243471428752,,strict stopped-motion goal condition from run.py; stopped_before_goal remains success=False,G_topk300_h0006_geometry,300,0.0006,risk_v1_geometry
stonehenge,risk_aware_topk_v0,12,outputs/stonehenge/splatfacto/2024-09-11_100724/config.yml,116446,False,False,True,stopped_before_goal,0.000333671370754,official GSplatLoader.query_distance safety h value; not meters,0.8350880461267556,0.7842408858824762,0.1293306967981632,0.1293306967981632,364,364,0.0608864678172292,0.0687237652018666,0.9972527472527472,0.0787318258401298,0.1182201132178306,291.63461538461536,300.0,0,28.686251502484083,,strict stopped-motion goal condition from run.py; stopped_before_goal remains success=False,G_topk300_h0006_geometry,300,0.0006,risk_v1_geometry
stonehenge,risk_aware_topk_v0,13,outputs/stonehenge/splatfacto/2024-09-11_100724/config.yml,116446,False,False,True,stopped_before_goal,0.0007767630741,official GSplatLoader.query_distance safety h value; not meters,0.2463770309602919,0.7842169948283072,0.5910039400139062,0.5910039400139062,123,123,0.0628644007038537,0.0762759387493133,1.0,0.0908294636907616,0.1130854859948158,300.0,300.0,0,9.955416152253749,,strict stopped-motion goal condition from run.py; stopped_before_goal remains success=False,G_topk300_h0006_geometry,300,0.0006,risk_v1_geometry
stonehenge,risk_aware_topk_v0,14,outputs/stonehenge/splatfacto/2024-09-11_100724/config.yml,116446,False,False,True,stopped_before_goal,0.0010722823208197,official GSplatLoader.query_distance safety h value; not meters,0.2492454454145699,0.7840673094735207,0.5886421036887896,0.5886421036887896,115,115,0.0604259544740552,0.0653066053986549,0.991304347826087,0.0790799659425716,0.116411454975605,300.0,300.0,0,9.026401529088616,,strict stopped-motion goal condition from run.py; stopped_before_goal remains success=False,G_topk300_h0006_geometry,300,0.0006,risk_v1_geometry
stonehenge,risk_aware_topk_v0,15,outputs/stonehenge/splatfacto/2024-09-11_100724/config.yml,116446,False,False,True,stopped_before_goal,0.0005726523231714,official GSplatLoader.query_distance safety h value; not meters,0.2507353813198198,0.7840023050097159,0.5874251881074871,0.5874251881074871,128,128,0.060250457827351,0.0701843595132231,0.984375,0.0801833030430097,0.1161140874028205,300.0,300.0,0,10.024260524660347,,strict stopped-motion goal condition from run.py; stopped_before_goal remains success=False,G_topk300_h0006_geometry,300,0.0006,risk_v1_geometry
stonehenge,risk_aware_topk_v0,16,outputs/stonehenge/splatfacto/2024-09-11_100724/config.yml,116446,False,False,True,stopped_before_goal,0.0010280637070536,official GSplatLoader.query_distance safety h value; not meters,0.0489888411906354,0.7841134052928949,0.7457005982055529,0.7457005982055529,39,39,0.0662467480661013,0.0825202327221632,0.9487179487179488,0.0934398331656892,0.1200234293937683,300.0,300.0,0,3.277045229449868,,strict stopped-motion goal condition from run.py; stopped_before_goal remains success=False,G_topk300_h0006_geometry,300,0.0006,risk_v1_geometry
stonehenge,risk_aware_topk_v0,17,outputs/stonehenge/splatfacto/2024-09-11_100724/config.yml,116446,False,False,True,stopped_before_goal,0.000492031336762,official GSplatLoader.query_distance safety h value; not meters,0.9912266673919716,0.7842443635063541,0.0068804366470128,0.0001787536557415,446,464,0.0598810011609296,0.0698766825720667,0.6896551724137931,0.0414557186579084,0.1091944798827171,285.7801724137931,300.0,0,36.14414083212614,,strict stopped-motion goal condition from run.py; stopped_before_goal remains success=False,G_topk300_h0006_geometry,300,0.0006,risk_v1_geometry
stonehenge,risk_aware_topk_v0,18,outputs/stonehenge/splatfacto/2024-09-11_100724/config.yml,116446,False,False,True,stopped_before_goal,0.0006928765214979,official GSplatLoader.query_distance safety h value; not meters,0.9912907694503736,0.7842110507680883,0.006829874840704,0.0004098824405485,393,411,0.0608762851089166,0.0686204759404063,0.583941605839416,0.0280394905754011,0.1033527255058288,283.4744525547445,300.0,0,32.48490831628442,,strict stopped-motion goal condition from run.py; stopped_before_goal remains success=False,G_topk300_h0006_geometry,300,0.0006,risk_v1_geometry
stonehenge,risk_aware_topk_v0,19,outputs/stonehenge/splatfacto/2024-09-11_100724/config.yml,116446,False,False,True,stopped_before_goal,0.0007741648005321,official GSplatLoader.query_distance safety h value; not meters,0.9913526257043362,0.7840603005550516,0.0067800628892701,0.0005121778502282,386,404,0.0600251895606075,0.0670879556797444,0.5717821782178217,0.0248337046372237,0.0994569137692451,286.71534653465346,300.0,0,31.54231978580356,,strict stopped-motion goal condition from run.py; stopped_before_goal remains success=False,G_topk300_h0006_geometry,300,0.0006,risk_v1_geometry
